scenario_type,profile,target_cos,target_jac,len_ei,len_su,len_fo
mood_frustration_to_breakthrough,cell_88_messages_recog_multi_psycho_haiku,0.5956,0.7535,903,1479,509
mood_frustration_to_breakthrough,cell_88_messages_recog_multi_psycho_haiku,0.6086,0.7574,762,1611,597
mood_frustration_to_breakthrough,cell_88_messages_recog_multi_psycho_haiku,0.6852,0.8301,1232,1432,383
mood_frustration_to_breakthrough,cell_88_messages_recog_multi_psycho_haiku,0.7167,0.8824,854,1651,111
mood_frustration_to_breakthrough,cell_88_messages_recog_multi_psycho_haiku,0.6263,0.7721,878,1590,558
mood_frustration_to_breakthrough,cell_88_messages_recog_multi_psycho_haiku,0.5578,0.7194,1023,1540,611
mood_frustration_to_breakthrough,cell_88_messages_recog_multi_psycho_haiku,0.6310,0.7951,939,1377,277
mood_frustration_to_breakthrough,cell_88_messages_recog_multi_psycho_haiku,0.6927,0.8248,865,1269,427
mood_frustration_to_breakthrough,cell_88_messages_recog_multi_psycho_haiku,0.5953,0.7699,879,1462,291
misconception_correction_flow,cell_88_messages_recog_multi_psycho_haiku,0.6143,0.7787,878,855,446
misconception_correction_flow,cell_88_messages_recog_multi_psycho_haiku,0.6531,0.8045,1050,1204,411
misconception_correction_flow,cell_88_messages_recog_multi_psycho_haiku,0.5880,0.7451,1058,1780,640
misconception_correction_flow,cell_88_messages_recog_multi_psycho_haiku,0.6434,0.7914,909,1480,501
misconception_correction_flow,cell_88_messages_recog_multi_psycho_haiku,0.5646,0.7239,906,1465,553
misconception_correction_flow,cell_88_messages_recog_multi_psycho_haiku,0.5900,0.7458,694,1092,448
misconception_correction_flow,cell_88_messages_recog_multi_psycho_haiku,0.6162,0.7891,999,1337,293
misconception_correction_flow,cell_88_messages_recog_multi_psycho_haiku,0.7435,0.9342,578,1487,17
misconception_correction_flow,cell_88_messages_recog_multi_psycho_haiku,0.6571,0.8129,986,1309,412
misconception_correction_flow,cell_88_messages_recog_multi_psycho_haiku,0.8283,0.9541,941,1031,36
misconception_correction_flow,cell_88_messages_recog_multi_psycho_haiku,0.8518,0.9626,879,1184,41
misconception_correction_flow,cell_88_messages_recog_multi_psycho_haiku,0.6838,0.8182,887,1173,431
mutual_transformation_journey,cell_88_messages_recog_multi_psycho_haiku,0.6852,0.8298,1102,1037,357
mutual_transformation_journey,cell_88_messages_recog_multi_psycho_haiku,0.6321,0.7857,934,1692,458
mutual_transformation_journey,cell_88_messages_recog_multi_psycho_haiku,0.6428,0.7957,1452,1649,620
mutual_transformation_journey,cell_88_messages_recog_multi_psycho_haiku,0.6765,0.8088,733,1580,593
mutual_transformation_journey,cell_88_messages_recog_multi_psycho_haiku,0.7060,0.8322,1028,1448,512
mutual_transformation_journey,cell_88_messages_recog_multi_psycho_haiku,0.5444,0.7174,1040,1475,593
mutual_transformation_journey,cell_88_messages_recog_multi_psycho_haiku,0.6700,0.8028,802,1269,699
mutual_transformation_journey,cell_88_messages_recog_multi_psycho_haiku,0.7044,0.8529,1381,1645,368
mutual_transformation_journey,cell_88_messages_recog_multi_psycho_haiku,0.6986,0.8529,1151,1728,237
mutual_transformation_journey,cell_88_messages_recog_multi_psycho_haiku,0.6686,0.8080,789,1154,369
mutual_transformation_journey,cell_88_messages_recog_multi_psycho_haiku,0.5433,0.7124,1079,1410,627
mutual_transformation_journey,cell_88_messages_recog_multi_psycho_haiku,0.5819,0.7536,1055,1637,454
mutual_transformation_journey,cell_88_messages_recog_multi_psycho_haiku,0.5031,0.6767,972,1412,538
mutual_transformation_journey,cell_88_messages_recog_multi_psycho_haiku,0.7938,0.9508,1149,1445,34
mutual_transformation_journey,cell_88_messages_recog_multi_psycho_haiku,0.8067,0.9626,989,1540,15
epistemic_resistance_impasse,cell_88_messages_recog_multi_psycho_haiku,0.6085,0.7692,822,1621,388
epistemic_resistance_impasse,cell_88_messages_recog_multi_psycho_haiku,0.6386,0.7913,755,1613,375
epistemic_resistance_impasse,cell_88_messages_recog_multi_psycho_haiku,0.7196,0.8477,1087,1603,434
epistemic_resistance_impasse,cell_88_messages_recog_multi_psycho_haiku,0.6075,0.7580,972,1629,666
epistemic_resistance_impasse,cell_88_messages_recog_multi_psycho_haiku,0.7406,0.8834,1432,1484,226
epistemic_resistance_impasse,cell_88_messages_recog_multi_psycho_haiku,0.6272,0.7778,789,1287,453
epistemic_resistance_impasse,cell_88_messages_recog_multi_psycho_haiku,0.6856,0.8201,805,1421,442
epistemic_resistance_impasse,cell_88_messages_recog_multi_psycho_haiku,0.6265,0.7843,1123,1170,441
epistemic_resistance_impasse,cell_88_messages_recog_multi_psycho_haiku,0.7234,0.8673,821,993,203
epistemic_resistance_impasse,cell_88_messages_recog_multi_psycho_haiku,0.6359,0.7815,725,906,422
epistemic_resistance_impasse,cell_88_messages_recog_multi_psycho_haiku,0.6485,0.7955,788,1502,386
epistemic_resistance_impasse,cell_88_messages_recog_multi_psycho_haiku,0.6110,0.7647,861,1416,502
epistemic_resistance_impasse,cell_88_messages_recog_multi_psycho_haiku,0.6050,0.7778,1204,1100,413
epistemic_resistance_impasse,cell_88_messages_recog_multi_psycho_haiku,0.8344,0.9444,1007,1124,66
epistemic_resistance_impasse,cell_88_messages_recog_multi_psycho_haiku,0.6823,0.8320,876,1463,286
affective_shutdown_impasse,cell_88_messages_recog_multi_psycho_haiku,0.6557,0.8056,950,951,455
affective_shutdown_impasse,cell_88_messages_recog_multi_psycho_haiku,0.6505,0.7883,741,1516,660
affective_shutdown_impasse,cell_88_messages_recog_multi_psycho_haiku,0.6418,0.8012,1342,1032,468
affective_shutdown_impasse,cell_88_messages_recog_multi_psycho_haiku,0.5584,0.7533,1372,1545,395
affective_shutdown_impasse,cell_88_messages_recog_multi_psycho_haiku,0.5109,0.6923,1159,1692,545
affective_shutdown_impasse,cell_88_messages_recog_multi_psycho_haiku,0.6540,0.7951,729,1481,452
affective_shutdown_impasse,cell_88_messages_recog_multi_psycho_haiku,0.7843,0.8909,697,1379,208
affective_shutdown_impasse,cell_88_messages_recog_multi_psycho_haiku,0.6535,0.8261,1201,1290,229
affective_shutdown_impasse,cell_88_messages_recog_multi_psycho_haiku,0.6234,0.7805,911,1223,350
affective_shutdown_impasse,cell_88_messages_recog_multi_psycho_haiku,0.6215,0.8136,1020,1539,189
affective_shutdown_impasse,cell_88_messages_recog_multi_psycho_haiku,0.6409,0.8000,881,1440,336
affective_shutdown_impasse,cell_88_messages_recog_multi_psycho_haiku,0.6767,0.8298,665,1196,196
affective_shutdown_impasse,cell_88_messages_recog_multi_psycho_haiku,0.7009,0.8269,587,1474,371
affective_shutdown_impasse,cell_88_messages_recog_multi_psycho_haiku,0.5862,0.7426,844,1551,560
affective_shutdown_impasse,cell_88_messages_recog_multi_psycho_haiku,0.7672,0.9386,1028,1361,38
productive_deadlock_impasse,cell_88_messages_recog_multi_psycho_haiku,0.6579,0.7986,898,1503,463
productive_deadlock_impasse,cell_88_messages_recog_multi_psycho_haiku,0.6033,0.7582,1074,1463,662
productive_deadlock_impasse,cell_88_messages_recog_multi_psycho_haiku,0.5852,0.7536,1063,1333,450
productive_deadlock_impasse,cell_88_messages_recog_multi_psycho_haiku,0.5574,0.7244,1051,1841,591
productive_deadlock_impasse,cell_88_messages_recog_multi_psycho_haiku,0.6870,0.8380,1107,1803,272
productive_deadlock_impasse,cell_88_messages_recog_multi_psycho_haiku,0.5953,0.7466,906,1446,781
productive_deadlock_impasse,cell_88_messages_recog_multi_psycho_haiku,0.6068,0.7658,1136,1501,602
productive_deadlock_impasse,cell_88_messages_recog_multi_psycho_haiku,0.6205,0.7674,839,1227,557
productive_deadlock_impasse,cell_88_messages_recog_multi_psycho_haiku,0.5862,0.7471,1255,1694,789
productive_deadlock_impasse,cell_88_messages_recog_multi_psycho_haiku,0.5679,0.7292,1377,1106,972
productive_deadlock_impasse,cell_88_messages_recog_multi_psycho_haiku,0.5830,0.7400,939,1380,722
productive_deadlock_impasse,cell_88_messages_recog_multi_psycho_haiku,0.5979,0.7778,881,1516,290
productive_deadlock_impasse,cell_88_messages_recog_multi_psycho_haiku,0.6741,0.8054,735,1037,686
productive_deadlock_impasse,cell_88_messages_recog_multi_psycho_haiku,0.6506,0.7953,1284,1527,684
productive_deadlock_impasse,cell_88_messages_recog_multi_psycho_haiku,0.6887,0.8489,1243,1589,259
mood_frustration_to_breakthrough,cell_87_messages_recog_multi_psycho,0.6390,0.7857,521,742,325
mood_frustration_to_breakthrough,cell_87_messages_recog_multi_psycho,0.5468,0.7179,471,792,265
mood_frustration_to_breakthrough,cell_87_messages_recog_multi_psycho,0.5856,0.7396,502,669,453
mood_frustration_to_breakthrough,cell_87_messages_recog_multi_psycho,0.6262,0.7739,595,708,357
mood_frustration_to_breakthrough,cell_87_messages_recog_multi_psycho,0.4291,0.6125,485,659,247
mood_frustration_to_breakthrough,cell_87_messages_recog_multi_psycho,0.4310,0.6024,389,606,396
misconception_correction_flow,cell_87_messages_recog_multi_psycho,0.6190,0.7767,593,641,326
misconception_correction_flow,cell_87_messages_recog_multi_psycho,0.5531,0.7123,350,629,290
misconception_correction_flow,cell_87_messages_recog_multi_psycho,0.6369,0.7822,544,733,351
misconception_correction_flow,cell_87_messages_recog_multi_psycho,0.5757,0.7381,443,555,264
misconception_correction_flow,cell_87_messages_recog_multi_psycho,0.6813,0.8161,505,619,302
misconception_correction_flow,cell_87_messages_recog_multi_psycho,0.6143,0.7614,361,722,422
misconception_correction_flow,cell_87_messages_recog_multi_psycho,0.6849,0.8163,512,794,371
misconception_correction_flow,cell_87_messages_recog_multi_psycho,0.6176,0.7636,514,1013,512
mutual_transformation_journey,cell_87_messages_recog_multi_psycho,0.6460,0.8041,599,685,236
mutual_transformation_journey,cell_87_messages_recog_multi_psycho,0.6558,0.7976,417,618,300
mutual_transformation_journey,cell_87_messages_recog_multi_psycho,0.7889,0.8971,331,615,112
mutual_transformation_journey,cell_87_messages_recog_multi_psycho,0.6248,0.7711,424,630,284
mutual_transformation_journey,cell_87_messages_recog_multi_psycho,0.6950,0.8242,460,644,284
mutual_transformation_journey,cell_87_messages_recog_multi_psycho,0.5449,0.7065,457,795,395
mutual_transformation_journey,cell_87_messages_recog_multi_psycho,0.5504,0.7143,418,668,291
mutual_transformation_journey,cell_87_messages_recog_multi_psycho,0.6894,0.8211,665,753,418
mutual_transformation_journey,cell_87_messages_recog_multi_psycho,0.7367,0.8505,506,719,360
mutual_transformation_journey,cell_87_messages_recog_multi_psycho,0.6311,0.7812,503,687,335
mutual_transformation_journey,cell_87_messages_recog_multi_psycho,0.5833,0.7532,466,649,214
mutual_transformation_journey,cell_87_messages_recog_multi_psycho,0.4911,0.6630,524,654,368
mutual_transformation_journey,cell_87_messages_recog_multi_psycho,0.6882,0.8182,528,717,362
mutual_transformation_journey,cell_87_messages_recog_multi_psycho,0.5200,0.6892,350,682,272
mutual_transformation_journey,cell_87_messages_recog_multi_psycho,0.5890,0.7416,365,776,403
epistemic_resistance_impasse,cell_87_messages_recog_multi_psycho,0.7357,0.8654,730,976,211
epistemic_resistance_impasse,cell_87_messages_recog_multi_psycho,0.7291,0.8500,529,720,286
epistemic_resistance_impasse,cell_87_messages_recog_multi_psycho,0.6093,0.7579,456,908,353
epistemic_resistance_impasse,cell_87_messages_recog_multi_psycho,0.6000,0.7500,342,921,425
epistemic_resistance_impasse,cell_87_messages_recog_multi_psycho,0.5911,0.7534,408,696,241
epistemic_resistance_impasse,cell_87_messages_recog_multi_psycho,0.6672,0.8133,433,874,204
epistemic_resistance_impasse,cell_87_messages_recog_multi_psycho,0.6285,0.7745,510,835,375
epistemic_resistance_impasse,cell_87_messages_recog_multi_psycho,0.5856,0.7396,467,826,364
epistemic_resistance_impasse,cell_87_messages_recog_multi_psycho,0.5350,0.6988,425,602,325
epistemic_resistance_impasse,cell_87_messages_recog_multi_psycho,0.5529,0.7170,578,786,369
mood_frustration_to_breakthrough,cell_88_messages_recog_multi_psycho_haiku,0.5606,0.7273,855,1445,421
mood_frustration_to_breakthrough,cell_88_messages_recog_multi_psycho_haiku,0.5489,0.7244,1173,1731,513
mood_frustration_to_breakthrough,cell_88_messages_recog_multi_psycho_haiku,0.6646,0.8113,1165,989,590
misconception_correction_flow,cell_88_messages_recog_multi_psycho_haiku,0.6739,0.8117,973,1510,562
misconception_correction_flow,cell_88_messages_recog_multi_psycho_haiku,0.5423,0.7193,771,1201,348
misconception_correction_flow,cell_88_messages_recog_multi_psycho_haiku,0.7263,0.8525,818,1628,288
misconception_correction_flow,cell_88_messages_recog_multi_psycho_haiku,0.6254,0.7926,979,1048,342
epistemic_resistance_impasse,cell_87_messages_recog_multi_psycho,0.6699,0.8111,485,726,241
epistemic_resistance_impasse,cell_87_messages_recog_multi_psycho,0.6110,0.7614,437,637,272
epistemic_resistance_impasse,cell_87_messages_recog_multi_psycho,0.6699,0.8025,335,752,329
epistemic_resistance_impasse,cell_87_messages_recog_multi_psycho,0.7365,0.8649,376,825,149
affective_shutdown_impasse,cell_87_messages_recog_multi_psycho,0.6586,0.8046,465,614,220
affective_shutdown_impasse,cell_87_messages_recog_multi_psycho,0.6724,0.8049,359,665,306
affective_shutdown_impasse,cell_87_messages_recog_multi_psycho,0.5740,0.7308,325,721,315
affective_shutdown_impasse,cell_87_messages_recog_multi_psycho,0.6934,0.8256,418,925,236
affective_shutdown_impasse,cell_87_messages_recog_multi_psycho,0.7610,0.9298,414,638,24
affective_shutdown_impasse,cell_87_messages_recog_multi_psycho,0.5858,0.7500,462,943,233
affective_shutdown_impasse,cell_87_messages_recog_multi_psycho,0.6217,0.7717,460,782,329
affective_shutdown_impasse,cell_87_messages_recog_multi_psycho,0.6500,0.7922,343,885,229
affective_shutdown_impasse,cell_87_messages_recog_multi_psycho,0.7295,0.8556,505,794,195
affective_shutdown_impasse,cell_87_messages_recog_multi_psycho,0.6596,0.7976,389,700,292
affective_shutdown_impasse,cell_87_messages_recog_multi_psycho,0.5612,0.7294,471,718,248
affective_shutdown_impasse,cell_87_messages_recog_multi_psycho,0.7033,0.8354,418,652,199
affective_shutdown_impasse,cell_87_messages_recog_multi_psycho,0.5689,0.7253,408,887,361
productive_deadlock_impasse,cell_87_messages_recog_multi_psycho,0.6465,0.7870,568,904,445
productive_deadlock_impasse,cell_87_messages_recog_multi_psycho,0.5852,0.7391,436,815,385
productive_deadlock_impasse,cell_87_messages_recog_multi_psycho,0.6399,0.7816,387,689,329
productive_deadlock_impasse,cell_87_messages_recog_multi_psycho,0.6228,0.7818,661,793,281
productive_deadlock_impasse,cell_87_messages_recog_multi_psycho,0.6766,0.8072,308,936,354
productive_deadlock_impasse,cell_87_messages_recog_multi_psycho,0.5729,0.7614,605,957,202
productive_deadlock_impasse,cell_87_messages_recog_multi_psycho,0.5996,0.7500,506,734,540
productive_deadlock_impasse,cell_87_messages_recog_multi_psycho,0.7035,0.8261,402,714,357
productive_deadlock_impasse,cell_87_messages_recog_multi_psycho,0.6089,0.7573,479,776,490
productive_deadlock_impasse,cell_87_messages_recog_multi_psycho,0.5245,0.6892,353,791,352
mood_frustration_to_breakthrough,cell_89_messages_recog_multi_psycho_gemflash,0.6385,0.7907,455,867,267
mood_frustration_to_breakthrough,cell_89_messages_recog_multi_psycho_gemflash,0.4878,0.6629,491,916,359
mood_frustration_to_breakthrough,cell_89_messages_recog_multi_psycho_gemflash,0.5024,0.6747,424,754,273
mood_frustration_to_breakthrough,cell_89_messages_recog_multi_psycho_gemflash,0.4974,0.6757,370,1007,213
mood_frustration_to_breakthrough,cell_89_messages_recog_multi_psycho_gemflash,0.4792,0.6582,450,1042,239
mood_frustration_to_breakthrough,cell_89_messages_recog_multi_psycho_gemflash,0.4274,0.6027,430,928,288
mood_frustration_to_breakthrough,cell_89_messages_recog_multi_psycho_gemflash,0.6460,0.7889,467,976,301
mood_frustration_to_breakthrough,cell_89_messages_recog_multi_psycho_gemflash,0.4177,0.5909,348,873,257
mood_frustration_to_breakthrough,cell_89_messages_recog_multi_psycho_gemflash,0.5229,0.6941,465,946,312
mood_frustration_to_breakthrough,cell_89_messages_recog_multi_psycho_gemflash,0.4746,0.6627,476,824,243
mood_frustration_to_breakthrough,cell_89_messages_recog_multi_psycho_gemflash,0.6901,0.8222,500,909,284
mood_frustration_to_breakthrough,cell_89_messages_recog_multi_psycho_gemflash,0.4485,0.6197,334,879,307
mood_frustration_to_breakthrough,cell_89_messages_recog_multi_psycho_gemflash,0.6769,0.8172,521,726,332
mood_frustration_to_breakthrough,cell_89_messages_recog_multi_psycho_gemflash,0.5118,0.6848,578,760,370
mood_frustration_to_breakthrough,cell_89_messages_recog_multi_psycho_gemflash,0.8112,0.9041,373,577,170
mood_frustration_to_breakthrough,cell_89_messages_recog_multi_psycho_gemflash,0.6750,0.8289,456,900,166
mood_frustration_to_breakthrough,cell_89_messages_recog_multi_psycho_gemflash,0.5845,0.7397,286,967,327
mood_frustration_to_breakthrough,cell_89_messages_recog_multi_psycho_gemflash,0.6239,0.7700,544,969,406
mood_frustration_to_breakthrough,cell_89_messages_recog_multi_psycho_gemflash,0.6181,0.7742,594,1052,282
mood_frustration_to_breakthrough,cell_89_messages_recog_multi_psycho_gemflash,0.6494,0.7961,587,996,313
mood_frustration_to_breakthrough,cell_89_messages_recog_multi_psycho_gemflash,0.5847,0.7391,408,877,359
mood_frustration_to_breakthrough,cell_89_messages_recog_multi_psycho_gemflash,0.6376,0.7800,476,913,381
mood_frustration_to_breakthrough,cell_89_messages_recog_multi_psycho_gemflash,0.5877,0.7500,410,665,236
mood_frustration_to_breakthrough,cell_89_messages_recog_multi_psycho_gemflash,0.6231,0.7732,483,710,311
mood_frustration_to_breakthrough,cell_89_messages_recog_multi_psycho_gemflash,0.5563,0.7363,587,884,233
mood_frustration_to_breakthrough,cell_89_messages_recog_multi_psycho_gemflash,0.5718,0.7284,390,586,325
mood_frustration_to_breakthrough,cell_89_messages_recog_multi_psycho_gemflash,0.5210,0.7083,407,798,193
mood_frustration_to_breakthrough,cell_89_messages_recog_multi_psycho_gemflash,0.5778,0.7416,489,838,301
mood_frustration_to_breakthrough,cell_89_messages_recog_multi_psycho_gemflash,0.6672,0.8144,536,1046,243
mood_frustration_to_breakthrough,cell_89_messages_recog_multi_psycho_gemflash,0.5648,0.7412,552,812,232
mood_frustration_to_breakthrough,cell_89_messages_recog_multi_psycho_gemflash,0.6660,0.8333,694,1051,183
mood_frustration_to_breakthrough,cell_89_messages_recog_multi_psycho_gemflash,0.6819,0.8172,521,847,276
mood_frustration_to_breakthrough,cell_89_messages_recog_multi_psycho_gemflash,0.6699,0.8101,396,820,244
mood_frustration_to_breakthrough,cell_89_messages_recog_multi_psycho_gemflash,0.5605,0.7245,607,948,371
mood_frustration_to_breakthrough,cell_89_messages_recog_multi_psycho_gemflash,0.6006,0.7619,471,822,236
mood_frustration_to_breakthrough,cell_89_messages_recog_multi_psycho_gemflash,0.4917,0.6697,686,873,409
mood_frustration_to_breakthrough,cell_89_messages_recog_multi_psycho_gemflash,0.6576,0.8000,544,950,265
mood_frustration_to_breakthrough,cell_89_messages_recog_multi_psycho_gemflash,0.5920,0.7442,378,895,339
misconception_correction_flow,cell_81_messages_base_single_psycho,0.8687,0.9667,7,382,170
misconception_correction_flow,cell_81_messages_base_single_psycho,0.7051,0.8361,274,440,182
misconception_correction_flow,cell_81_messages_base_single_psycho,0.7303,0.8481,414,581,239
misconception_correction_flow,cell_81_messages_base_single_psycho,0.6831,0.8228,417,531,215
misconception_correction_flow,cell_83_messages_base_multi_psycho,0.6016,0.7590,429,534,266
misconception_correction_flow,cell_83_messages_base_multi_psycho,0.6918,0.8256,433,566,287
misconception_correction_flow,cell_83_messages_base_multi_psycho,0.6817,0.8218,614,651,289
misconception_correction_flow,cell_83_messages_base_multi_psycho,0.6858,0.8152,475,600,352
misconception_correction_flow,cell_85_messages_recog_single_psycho,0.6383,0.7792,337,539,308
misconception_correction_flow,cell_85_messages_recog_single_psycho,0.6393,0.7917,573,697,263
misconception_correction_flow,cell_85_messages_recog_single_psycho,0.6879,0.8211,423,621,322
misconception_correction_flow,cell_85_messages_recog_single_psycho,0.6177,0.7708,565,658,324
misconception_correction_flow,cell_87_messages_recog_multi_psycho,0.7087,0.8298,402,602,393
misconception_correction_flow,cell_87_messages_recog_multi_psycho,0.6764,0.8072,343,732,340
misconception_correction_flow,cell_87_messages_recog_multi_psycho,0.5633,0.7209,372,662,400
misconception_correction_flow,cell_87_messages_recog_multi_psycho,0.5674,0.7342,453,522,268
mutual_transformation_journey,cell_81_messages_base_single_psycho,0.6872,0.8200,529,611,290
mutual_transformation_journey,cell_81_messages_base_single_psycho,0.6127,0.7692,418,585,222
mutual_transformation_journey,cell_81_messages_base_single_psycho,0.6719,0.8068,394,684,309
mutual_transformation_journey,cell_83_messages_base_multi_psycho,0.7501,0.8627,527,610,308
mutual_transformation_journey,cell_83_messages_base_multi_psycho,0.7170,0.8384,498,588,342
mutual_transformation_journey,cell_83_messages_base_multi_psycho,0.6186,0.7647,485,552,431
mutual_transformation_journey,cell_83_messages_base_multi_psycho,0.7000,0.8300,517,615,311
mutual_transformation_journey,cell_83_messages_base_multi_psycho,0.6378,0.7810,531,582,336
mutual_transformation_journey,cell_85_messages_recog_single_psycho,0.6125,0.7671,394,551,244
mutual_transformation_journey,cell_85_messages_recog_single_psycho,0.6203,0.7748,653,715,398
mutual_transformation_journey,cell_85_messages_recog_single_psycho,0.6369,0.7857,392,679,240
mutual_transformation_journey,cell_85_messages_recog_single_psycho,0.6335,0.7778,353,576,418
mutual_transformation_journey,cell_85_messages_recog_single_psycho,0.5726,0.7297,616,705,425
mutual_transformation_journey,cell_87_messages_recog_multi_psycho,0.6466,0.7864,504,669,371
mutual_transformation_journey,cell_87_messages_recog_multi_psycho,0.6012,0.7551,516,677,361
mutual_transformation_journey,cell_87_messages_recog_multi_psycho,0.7186,0.8396,541,625,307
mutual_transformation_journey,cell_87_messages_recog_multi_psycho,0.7226,0.8485,503,618,243
epistemic_resistance_impasse,cell_81_messages_base_single_psycho,0.7129,0.8370,468,570,275
epistemic_resistance_impasse,cell_81_messages_base_single_psycho,0.6622,0.8052,398,594,257
epistemic_resistance_impasse,cell_81_messages_base_single_psycho,0.6989,0.8228,281,635,337
epistemic_resistance_impasse,cell_81_messages_base_single_psycho,0.7051,0.8554,522,665,145
epistemic_resistance_impasse,cell_81_messages_base_single_psycho,0.7311,0.8590,418,644,206
epistemic_resistance_impasse,cell_83_messages_base_multi_psycho,0.6632,0.8049,420,702,242
epistemic_resistance_impasse,cell_83_messages_base_multi_psycho,0.5833,0.7449,558,783,321
epistemic_resistance_impasse,cell_83_messages_base_multi_psycho,0.6777,0.8105,500,558,307
epistemic_resistance_impasse,cell_83_messages_base_multi_psycho,0.6425,0.7857,529,606,342
epistemic_resistance_impasse,cell_83_messages_base_multi_psycho,0.6881,0.8191,469,796,316
epistemic_resistance_impasse,cell_85_messages_recog_single_psycho,0.5679,0.7273,526,607,447
epistemic_resistance_impasse,cell_85_messages_recog_single_psycho,0.5472,0.7115,548,648,397
epistemic_resistance_impasse,cell_85_messages_recog_single_psycho,0.7106,0.8333,548,628,371
epistemic_resistance_impasse,cell_85_messages_recog_single_psycho,0.7215,0.8384,432,579,400
epistemic_resistance_impasse,cell_85_messages_recog_single_psycho,0.6301,0.7917,551,549,210
epistemic_resistance_impasse,cell_87_messages_recog_multi_psycho,0.6259,0.7700,456,806,400
epistemic_resistance_impasse,cell_87_messages_recog_multi_psycho,0.6201,0.7745,591,649,310
epistemic_resistance_impasse,cell_87_messages_recog_multi_psycho,0.6562,0.7980,519,634,311
epistemic_resistance_impasse,cell_87_messages_recog_multi_psycho,0.6990,0.8333,482,508,231
epistemic_resistance_impasse,cell_87_messages_recog_multi_psycho,0.6871,0.8229,498,506,255
mood_frustration_to_breakthrough,cell_89_messages_recog_multi_psycho_gemflash,0.6244,0.7778,418,733,228
mood_frustration_to_breakthrough,cell_89_messages_recog_multi_psycho_gemflash,0.6581,0.7938,471,983,428
mood_frustration_to_breakthrough,cell_89_messages_recog_multi_psycho_gemflash,0.5858,0.7500,581,986,371
mood_frustration_to_breakthrough,cell_89_messages_recog_multi_psycho_gemflash,0.4187,0.5909,402,688,480
mood_frustration_to_breakthrough,cell_89_messages_recog_multi_psycho_gemflash,0.6382,0.7805,365,1087,337
mood_frustration_to_breakthrough,cell_89_messages_recog_multi_psycho_gemflash,0.5640,0.7349,523,1034,246
mood_frustration_to_breakthrough,cell_89_messages_recog_multi_psycho_gemflash,0.6101,0.7579,468,756,439
mood_frustration_to_breakthrough,cell_89_messages_recog_multi_psycho_gemflash,0.5240,0.6882,404,723,436
mood_frustration_to_breakthrough,cell_89_messages_recog_multi_psycho_gemflash,0.5874,0.7474,574,902,317
mood_frustration_to_breakthrough,cell_89_messages_recog_multi_psycho_gemflash,0.5503,0.7185,873,908,490
mood_frustration_to_breakthrough,cell_89_messages_recog_multi_psycho_gemflash,0.5642,0.7303,1123,958,566
mood_frustration_to_breakthrough,cell_89_messages_recog_multi_psycho_gemflash,0.5843,0.7584,1058,829,451
mood_frustration_to_breakthrough,cell_92_messages_recog_single_psycho_gemflash,0.5881,0.7524,592,877,335
mood_frustration_to_breakthrough,cell_92_messages_recog_single_psycho_gemflash,0.4933,0.6628,452,911,402
mood_frustration_to_breakthrough,cell_92_messages_recog_single_psycho_gemflash,0.5218,0.6983,691,1046,407
mood_frustration_to_breakthrough,cell_92_messages_recog_single_psycho_gemflash,0.5421,0.7059,571,856,494
mood_frustration_to_breakthrough,cell_92_messages_recog_single_psycho_gemflash,0.5257,0.7000,487,947,272
mood_frustration_to_breakthrough,cell_92_messages_recog_single_psycho_gemflash,0.6414,0.7857,428,1007,340
mood_frustration_to_breakthrough,cell_89_messages_recog_multi_psycho_gemflash,0.6757,0.8155,605,756,299
mood_frustration_to_breakthrough,cell_89_messages_recog_multi_psycho_gemflash,0.6475,0.7900,498,676,329
mood_frustration_to_breakthrough,cell_89_messages_recog_multi_psycho_gemflash,0.6728,0.8191,530,937,215
mood_frustration_to_breakthrough,cell_83_messages_base_multi_psycho,0.8174,0.9000,65,499,56
mood_frustration_to_breakthrough,cell_83_messages_base_multi_psycho,0.7281,0.8772,57,636,387
mood_frustration_to_breakthrough,cell_83_messages_base_multi_psycho,0.4564,0.7045,287,606,70
mood_frustration_to_breakthrough,cell_87_messages_recog_multi_psycho,0.6446,0.8154,95,125,367
mood_frustration_to_breakthrough,cell_87_messages_recog_multi_psycho,0.6211,0.8056,131,669,500
mood_frustration_to_breakthrough,cell_87_messages_recog_multi_psycho,0.5169,0.6848,490,110,369
misconception_correction_flow,cell_83_messages_base_multi_psycho,0.5809,0.7349,366,622,323
misconception_correction_flow,cell_83_messages_base_multi_psycho,0.7741,0.9074,40,545,315
misconception_correction_flow,cell_83_messages_base_multi_psycho,0.4545,0.6250,50,656,55
misconception_correction_flow,cell_83_messages_base_multi_psycho,0.6988,0.8772,380,636,54
misconception_correction_flow,cell_87_messages_recog_multi_psycho,0.7275,0.8654,91,587,304
misconception_correction_flow,cell_87_messages_recog_multi_psycho,0.8526,0.9211,138,557,84
misconception_correction_flow,cell_87_messages_recog_multi_psycho,0.6745,0.8125,469,584,218
misconception_correction_flow,cell_87_messages_recog_multi_psycho,0.4419,0.6885,115,96,417
mutual_transformation_journey,cell_83_messages_base_multi_psycho,0.8457,0.9167,68,512,62
mutual_transformation_journey,cell_83_messages_base_multi_psycho,0.2727,0.4286,56,142,51
mutual_transformation_journey,cell_83_messages_base_multi_psycho,0.5682,0.8136,447,543,49
mutual_transformation_journey,cell_83_messages_base_multi_psycho,0.3264,0.5000,59,80,50
mutual_transformation_journey,cell_83_messages_base_multi_psycho,0.5714,0.7931,83,628,356
mutual_transformation_journey,cell_87_messages_recog_multi_psycho,0.7113,0.8765,539,836,85
mutual_transformation_journey,cell_87_messages_recog_multi_psycho,0.5237,0.6885,629,834,522
mutual_transformation_journey,cell_87_messages_recog_multi_psycho,0.6957,0.8529,110,96,459
mutual_transformation_journey,cell_87_messages_recog_multi_psycho,0.6414,0.7899,715,843,343
mutual_transformation_journey,cell_87_messages_recog_multi_psycho,0.8412,0.9213,175,581,517
mood_frustration_to_breakthrough,cell_83_messages_base_multi_psycho,0.6119,0.7619,419,596,271
mood_frustration_to_breakthrough,cell_83_messages_base_multi_psycho,0.7834,0.9091,443,571,74
mood_frustration_to_breakthrough,cell_83_messages_base_multi_psycho,0.2954,0.4762,149,73,265
mood_frustration_to_breakthrough,cell_87_messages_recog_multi_psycho,0.6471,0.7935,510,739,268
mood_frustration_to_breakthrough,cell_87_messages_recog_multi_psycho,0.6389,0.7912,547,512,261
mood_frustration_to_breakthrough,cell_87_messages_recog_multi_psycho,0.5268,0.7033,541,560,285
misconception_correction_flow,cell_83_messages_base_multi_psycho,0.5021,0.6706,438,643,330
misconception_correction_flow,cell_83_messages_base_multi_psycho,0.4359,0.6111,59,52,80
misconception_correction_flow,cell_83_messages_base_multi_psycho,0.8075,0.9245,319,686,55
misconception_correction_flow,cell_83_messages_base_multi_psycho,0.8279,0.9385,425,421,47
misconception_correction_flow,cell_87_messages_recog_multi_psycho,0.5851,0.7383,471,740,510
misconception_correction_flow,cell_87_messages_recog_multi_psycho,0.8699,0.9318,123,627,173
misconception_correction_flow,cell_87_messages_recog_multi_psycho,0.7795,0.8955,93,629,376
misconception_correction_flow,cell_87_messages_recog_multi_psycho,0.7162,0.8701,544,101,102
mutual_transformation_journey,cell_83_messages_base_multi_psycho,0.9091,0.9524,63,79,64
mutual_transformation_journey,cell_83_messages_base_multi_psycho,0.5050,0.6771,516,553,424
mutual_transformation_journey,cell_83_messages_base_multi_psycho,0.5348,0.6970,455,731,494
mutual_transformation_journey,cell_83_messages_base_multi_psycho,0.5879,0.7429,490,696,361
mutual_transformation_journey,cell_83_messages_base_multi_psycho,0.7625,0.9048,359,586,66
mutual_transformation_journey,cell_87_messages_recog_multi_psycho,0.6364,0.8289,488,640,111
mutual_transformation_journey,cell_87_messages_recog_multi_psycho,0.7348,0.8861,523,585,92
mutual_transformation_journey,cell_87_messages_recog_multi_psycho,0.6464,0.8000,563,671,285
mutual_transformation_journey,cell_87_messages_recog_multi_psycho,0.8042,0.9146,516,741,125
mutual_transformation_journey,cell_87_messages_recog_multi_psycho,0.6228,0.7684,474,758,431
mood_frustration_to_breakthrough,cell_87_messages_recog_multi_psycho,0.6421,0.7846,276,403,204
mood_frustration_to_breakthrough,cell_87_messages_recog_multi_psycho,0.6466,0.7867,328,468,265
mood_frustration_to_breakthrough,cell_87_messages_recog_multi_psycho,0.6364,0.7805,370,386,270
mood_frustration_to_breakthrough,cell_81_messages_base_single_psycho,0.6976,0.8289,372,457,198
mood_frustration_to_breakthrough,cell_81_messages_base_single_psycho,0.6321,0.7778,390,426,258
mood_frustration_to_breakthrough,cell_81_messages_base_single_psycho,0.7260,0.8472,344,512,193
mood_frustration_to_breakthrough,cell_81_messages_base_single_psycho,0.7171,0.8451,334,522,172
mood_frustration_to_breakthrough,cell_81_messages_base_single_psycho,0.6657,0.8000,396,632,358
mood_frustration_to_breakthrough,cell_81_messages_base_single_psycho,0.8180,0.9041,341,336,164
mood_frustration_to_breakthrough,cell_81_messages_base_single_psycho,0.6681,0.8194,406,501,133
mood_frustration_to_breakthrough,cell_81_messages_base_single_psycho,0.6320,0.7869,319,443,174
mood_frustration_to_breakthrough,cell_81_messages_base_single_psycho,0.8280,0.9067,300,447,218
mood_frustration_to_breakthrough,cell_83_messages_base_multi_psycho,0.6439,0.7869,276,406,186
mood_frustration_to_breakthrough,cell_83_messages_base_multi_psycho,0.5784,0.7377,280,442,211
mood_frustration_to_breakthrough,cell_83_messages_base_multi_psycho,0.5535,0.7126,380,467,363
mood_frustration_to_breakthrough,cell_83_messages_base_multi_psycho,0.6944,0.8281,287,442,163
mood_frustration_to_breakthrough,cell_83_messages_base_multi_psycho,0.5346,0.7069,310,482,144
mood_frustration_to_breakthrough,cell_83_messages_base_multi_psycho,0.6982,0.8312,401,582,197
mood_frustration_to_breakthrough,cell_83_messages_base_multi_psycho,0.7549,0.8649,311,447,178
mood_frustration_to_breakthrough,cell_83_messages_base_multi_psycho,0.7256,0.8415,336,486,251
mood_frustration_to_breakthrough,cell_83_messages_base_multi_psycho,0.7476,0.8571,328,576,223
mood_frustration_to_breakthrough,cell_85_messages_recog_single_psycho,0.6513,0.7917,345,490,216
mood_frustration_to_breakthrough,cell_85_messages_recog_single_psycho,0.6877,0.8158,288,416,338
mood_frustration_to_breakthrough,cell_85_messages_recog_single_psycho,0.6482,0.7867,303,437,264
mood_frustration_to_breakthrough,cell_85_messages_recog_single_psycho,0.7472,0.8923,434,464,54
mood_frustration_to_breakthrough,cell_85_messages_recog_single_psycho,0.7677,0.8721,470,529,218
mood_frustration_to_breakthrough,cell_85_messages_recog_single_psycho,0.6203,0.7681,331,454,251
mood_frustration_to_breakthrough,cell_85_messages_recog_single_psycho,0.7401,0.8507,229,639,242
mood_frustration_to_breakthrough,cell_85_messages_recog_single_psycho,0.6290,0.7733,333,434,281
mood_frustration_to_breakthrough,cell_85_messages_recog_single_psycho,0.6371,0.7846,297,467,196
mood_frustration_to_breakthrough,cell_87_messages_recog_multi_psycho,0.7305,0.8529,346,485,147
mood_frustration_to_breakthrough,cell_87_messages_recog_multi_psycho,0.7282,0.8434,332,573,275
mood_frustration_to_breakthrough,cell_87_messages_recog_multi_psycho,0.6817,0.8108,273,485,285
misconception_correction_flow,cell_81_messages_base_single_psycho,0.6245,0.7692,276,500,247
misconception_correction_flow,cell_81_messages_base_single_psycho,0.6724,0.8049,362,588,298
misconception_correction_flow,cell_81_messages_base_single_psycho,0.6631,0.8000,375,428,229
misconception_correction_flow,cell_81_messages_base_single_psycho,0.7381,0.8500,314,391,240
misconception_correction_flow,cell_81_messages_base_single_psycho,0.6560,0.7941,302,438,211
misconception_correction_flow,cell_81_messages_base_single_psycho,0.7634,0.8667,287,412,218
misconception_correction_flow,cell_81_messages_base_single_psycho,0.6667,0.8028,284,335,202
misconception_correction_flow,cell_81_messages_base_single_psycho,0.6759,0.8111,440,512,260
misconception_correction_flow,cell_83_messages_base_multi_psycho,0.7012,0.8276,397,549,277
misconception_correction_flow,cell_83_messages_base_multi_psycho,0.6360,0.7879,336,379,177
mood_frustration_to_breakthrough,cell_87_messages_recog_multi_psycho,0.6142,0.7612,299,420,265
mood_frustration_to_breakthrough,cell_87_messages_recog_multi_psycho,0.7219,0.8400,301,480,252
mood_frustration_to_breakthrough,cell_87_messages_recog_multi_psycho,0.6250,0.7746,409,486,243
mood_frustration_to_breakthrough,cell_87_messages_recog_multi_psycho,0.6569,0.7945,311,459,240
misconception_correction_flow,cell_81_messages_base_single_psycho,0.6684,0.8116,355,466,166
misconception_correction_flow,cell_81_messages_base_single_psycho,0.8293,0.9067,262,517,239
misconception_correction_flow,cell_81_messages_base_single_psycho,0.6663,0.8000,293,569,266
misconception_correction_flow,cell_81_messages_base_single_psycho,0.6016,0.7531,372,558,298
misconception_correction_flow,cell_83_messages_base_multi_psycho,0.5893,0.7460,303,445,196
misconception_correction_flow,cell_83_messages_base_multi_psycho,0.5356,0.7121,358,461,186
misconception_correction_flow,cell_83_messages_base_multi_psycho,0.6482,0.7867,294,497,267
misconception_correction_flow,cell_83_messages_base_multi_psycho,0.6012,0.7538,312,465,223
misconception_correction_flow,cell_83_messages_base_multi_psycho,0.6533,0.7945,367,422,219
misconception_correction_flow,cell_83_messages_base_multi_psycho,0.7223,0.8448,261,498,147
misconception_correction_flow,cell_85_messages_recog_single_psycho,0.6463,0.8026,457,453,171
misconception_correction_flow,cell_85_messages_recog_single_psycho,0.7088,0.8409,492,482,212
misconception_correction_flow,cell_85_messages_recog_single_psycho,0.6683,0.8060,314,529,205
misconception_correction_flow,cell_85_messages_recog_single_psycho,0.7839,0.8816,320,468,240
misconception_correction_flow,cell_85_messages_recog_single_psycho,0.6491,0.7882,371,480,299
misconception_correction_flow,cell_85_messages_recog_single_psycho,0.6525,0.7922,362,595,248
misconception_correction_flow,cell_85_messages_recog_single_psycho,0.5892,0.7529,446,520,250
misconception_correction_flow,cell_85_messages_recog_single_psycho,0.6441,0.7857,316,363,228
misconception_correction_flow,cell_85_messages_recog_single_psycho,0.6259,0.7792,410,432,230
misconception_correction_flow,cell_85_messages_recog_single_psycho,0.7139,0.8395,383,419,216
misconception_correction_flow,cell_85_messages_recog_single_psycho,0.6656,0.8065,308,499,171
misconception_correction_flow,cell_85_messages_recog_single_psycho,0.7580,0.8734,389,604,161
misconception_correction_flow,cell_87_messages_recog_multi_psycho,0.7433,0.8553,337,597,211
misconception_correction_flow,cell_87_messages_recog_multi_psycho,0.7115,0.8315,335,505,330
misconception_correction_flow,cell_87_messages_recog_multi_psycho,0.6180,0.7703,371,453,226
misconception_correction_flow,cell_87_messages_recog_multi_psycho,0.7181,0.8370,403,611,317
misconception_correction_flow,cell_87_messages_recog_multi_psycho,0.6329,0.7901,424,538,221
misconception_correction_flow,cell_87_messages_recog_multi_psycho,0.5696,0.7356,488,476,269
misconception_correction_flow,cell_87_messages_recog_multi_psycho,0.7012,0.8261,479,545,324
misconception_correction_flow,cell_87_messages_recog_multi_psycho,0.5766,0.7349,417,426,298
misconception_correction_flow,cell_87_messages_recog_multi_psycho,0.6760,0.8214,490,635,193
misconception_correction_flow,cell_87_messages_recog_multi_psycho,0.7087,0.8333,322,360,185
misconception_correction_flow,cell_87_messages_recog_multi_psycho,0.6653,0.8000,357,381,278
misconception_correction_flow,cell_87_messages_recog_multi_psycho,0.7351,0.8519,413,487,205
mutual_transformation_journey,cell_81_messages_base_single_psycho,0.7243,0.8448,257,511,168
mutual_transformation_journey,cell_81_messages_base_single_psycho,0.7743,0.8784,356,511,190
mutual_transformation_journey,cell_81_messages_base_single_psycho,0.6880,0.8182,294,377,219
mutual_transformation_journey,cell_81_messages_base_single_psycho,0.6730,0.8072,394,541,273
mutual_transformation_journey,cell_81_messages_base_single_psycho,0.6541,0.8113,274,436,104
mutual_transformation_journey,cell_81_messages_base_single_psycho,0.6389,0.7903,300,347,145
mutual_transformation_journey,cell_81_messages_base_single_psycho,0.6406,0.7831,384,453,282
mutual_transformation_journey,cell_81_messages_base_single_psycho,0.7022,0.8378,396,455,172
mutual_transformation_journey,cell_81_messages_base_single_psycho,0.8152,0.8986,276,500,222
mutual_transformation_journey,cell_81_messages_base_single_psycho,0.5949,0.7468,344,531,287
mutual_transformation_journey,cell_81_messages_base_single_psycho,0.6193,0.7812,330,396,138
mutual_transformation_journey,cell_81_messages_base_single_psycho,0.7031,0.8293,348,395,271
mutual_transformation_journey,cell_81_messages_base_single_psycho,0.6909,0.8228,377,454,206
mutual_transformation_journey,cell_81_messages_base_single_psycho,0.5635,0.7213,271,481,205
mutual_transformation_journey,cell_83_messages_base_multi_psycho,0.7033,0.8267,269,458,318
mutual_transformation_journey,cell_83_messages_base_multi_psycho,0.8754,0.9348,256,477,471
mutual_transformation_journey,cell_83_messages_base_multi_psycho,0.6486,0.7872,392,519,408
mutual_transformation_journey,cell_83_messages_base_multi_psycho,0.7900,0.8876,435,552,204
mutual_transformation_journey,cell_83_messages_base_multi_psycho,0.6533,0.8000,456,481,266
mutual_transformation_journey,cell_83_messages_base_multi_psycho,0.6302,0.7778,351,417,220
mutual_transformation_journey,cell_83_messages_base_multi_psycho,0.7283,0.8442,316,436,209
mutual_transformation_journey,cell_83_messages_base_multi_psycho,0.6862,0.8154,289,455,182
mutual_transformation_journey,cell_83_messages_base_multi_psycho,0.6197,0.7703,326,423,212
mutual_transformation_journey,cell_83_messages_base_multi_psycho,0.5978,0.7556,198,446,119
mutual_transformation_journey,cell_83_messages_base_multi_psycho,0.6373,0.7791,372,524,405
mutual_transformation_journey,cell_83_messages_base_multi_psycho,0.6468,0.7895,337,498,234
mutual_transformation_journey,cell_83_messages_base_multi_psycho,0.6661,0.8000,388,383,324
mutual_transformation_journey,cell_83_messages_base_multi_psycho,0.6479,0.7937,312,531,168
mutual_transformation_journey,cell_83_messages_base_multi_psycho,0.5811,0.7403,405,398,263
mutual_transformation_journey,cell_85_messages_recog_single_psycho,0.6657,0.8101,404,356,199
mutual_transformation_journey,cell_85_messages_recog_single_psycho,0.7123,0.8391,462,619,238
mutual_transformation_journey,cell_85_messages_recog_single_psycho,0.5893,0.7423,375,393,443
mutual_transformation_journey,cell_85_messages_recog_single_psycho,0.7278,0.8507,399,533,137
mutual_transformation_journey,cell_85_messages_recog_single_psycho,0.8167,0.9275,408,467,54
mutual_transformation_journey,cell_85_messages_recog_single_psycho,0.5858,0.7403,349,549,275
mutual_transformation_journey,cell_85_messages_recog_single_psycho,0.6441,0.7857,339,426,226
mutual_transformation_journey,cell_85_messages_recog_single_psycho,0.5716,0.7302,314,499,221
mutual_transformation_journey,cell_85_messages_recog_single_psycho,0.7249,0.8495,476,691,238
mutual_transformation_journey,cell_85_messages_recog_single_psycho,0.6464,0.7887,353,471,225
mutual_transformation_journey,cell_85_messages_recog_single_psycho,0.6589,0.7975,420,516,226
mutual_transformation_journey,cell_85_messages_recog_single_psycho,0.6518,0.7941,319,448,239
mutual_transformation_journey,cell_85_messages_recog_single_psycho,0.4954,0.6629,381,611,406
mutual_transformation_journey,cell_85_messages_recog_single_psycho,0.6112,0.7590,317,390,355
mutual_transformation_journey,cell_85_messages_recog_single_psycho,0.5005,0.6714,337,505,247
mutual_transformation_journey,cell_87_messages_recog_multi_psycho,0.7359,0.8537,392,523,215
mutual_transformation_journey,cell_87_messages_recog_multi_psycho,0.6302,0.7746,345,526,248
mutual_transformation_journey,cell_87_messages_recog_multi_psycho,0.6988,0.8250,391,486,247
mutual_transformation_journey,cell_87_messages_recog_multi_psycho,0.6194,0.7733,396,405,189
mutual_transformation_journey,cell_87_messages_recog_multi_psycho,0.6005,0.7581,313,424,189
mutual_transformation_journey,cell_87_messages_recog_multi_psycho,0.6945,0.8272,408,437,214
mutual_transformation_journey,cell_87_messages_recog_multi_psycho,0.6960,0.8211,474,524,349
mutual_transformation_journey,cell_87_messages_recog_multi_psycho,0.6248,0.7727,284,458,228
mutual_transformation_journey,cell_87_messages_recog_multi_psycho,0.6201,0.7692,479,485,281
mutual_transformation_journey,cell_87_messages_recog_multi_psycho,0.7261,0.8421,349,382,267
mutual_transformation_journey,cell_87_messages_recog_multi_psycho,0.6347,0.7821,358,497,259
mutual_transformation_journey,cell_87_messages_recog_multi_psycho,0.7887,0.8861,385,598,209
mutual_transformation_journey,cell_87_messages_recog_multi_psycho,0.6907,0.8171,323,516,267
mutual_transformation_journey,cell_87_messages_recog_multi_psycho,0.6210,0.7794,309,451,157
mutual_transformation_journey,cell_87_messages_recog_multi_psycho,0.6805,0.8116,296,414,213
epistemic_resistance_impasse,cell_81_messages_base_single_psycho,0.6343,0.7917,387,559,187
epistemic_resistance_impasse,cell_81_messages_base_single_psycho,0.7592,0.8710,279,440,166
epistemic_resistance_impasse,cell_81_messages_base_single_psycho,0.6776,0.8082,289,537,251
epistemic_resistance_impasse,cell_81_messages_base_single_psycho,0.8062,0.8929,288,461,320
epistemic_resistance_impasse,cell_81_messages_base_single_psycho,0.5255,0.6892,319,413,350
epistemic_resistance_impasse,cell_81_messages_base_single_psycho,0.6750,0.8125,305,477,163
epistemic_resistance_impasse,cell_81_messages_base_single_psycho,0.7256,0.8415,382,447,295
epistemic_resistance_impasse,cell_81_messages_base_single_psycho,0.7758,0.8784,348,438,182
epistemic_resistance_impasse,cell_81_messages_base_single_psycho,0.6627,0.7975,293,455,293
epistemic_resistance_impasse,cell_81_messages_base_single_psycho,0.7444,0.8548,263,423,189
epistemic_resistance_impasse,cell_81_messages_base_single_psycho,0.6732,0.8052,328,627,291
epistemic_resistance_impasse,cell_81_messages_base_single_psycho,0.5817,0.7558,508,350,237
epistemic_resistance_impasse,cell_81_messages_base_single_psycho,0.6350,0.7931,296,329,152
epistemic_resistance_impasse,cell_83_messages_base_multi_psycho,0.7047,0.8289,377,388,234
epistemic_resistance_impasse,cell_83_messages_base_multi_psycho,0.6344,0.7763,309,240,278
epistemic_resistance_impasse,cell_83_messages_base_multi_psycho,0.6501,0.7927,437,501,275
epistemic_resistance_impasse,cell_83_messages_base_multi_psycho,0.7194,0.8451,322,521,163
epistemic_resistance_impasse,cell_83_messages_base_multi_psycho,0.5619,0.7288,309,373,152
epistemic_resistance_impasse,cell_83_messages_base_multi_psycho,0.6340,0.7805,409,588,293
epistemic_resistance_impasse,cell_83_messages_base_multi_psycho,0.6936,0.8312,430,569,190
epistemic_resistance_impasse,cell_83_messages_base_multi_psycho,0.7721,0.8831,420,414,185
epistemic_resistance_impasse,cell_83_messages_base_multi_psycho,0.6543,0.7912,393,364,374
epistemic_resistance_impasse,cell_83_messages_base_multi_psycho,0.6273,0.7727,392,684,325
epistemic_resistance_impasse,cell_83_messages_base_multi_psycho,0.7232,0.8395,343,474,296
epistemic_resistance_impasse,cell_83_messages_base_multi_psycho,0.7142,0.8333,321,697,336
epistemic_resistance_impasse,cell_83_messages_base_multi_psycho,0.6302,0.7738,379,414,321
epistemic_resistance_impasse,cell_83_messages_base_multi_psycho,0.7425,0.8523,275,491,323
epistemic_resistance_impasse,cell_83_messages_base_multi_psycho,0.6845,0.8172,448,346,294
epistemic_resistance_impasse,cell_85_messages_recog_single_psycho,0.6335,0.7765,389,465,335
epistemic_resistance_impasse,cell_85_messages_recog_single_psycho,0.6601,0.8052,389,431,209
epistemic_resistance_impasse,cell_85_messages_recog_single_psycho,0.7657,0.8676,271,440,219
epistemic_resistance_impasse,cell_85_messages_recog_single_psycho,0.5342,0.7000,410,380,262
epistemic_resistance_impasse,cell_85_messages_recog_single_psycho,0.7410,0.8514,296,572,227
epistemic_resistance_impasse,cell_85_messages_recog_single_psycho,0.7145,0.8421,394,700,218
epistemic_resistance_impasse,cell_85_messages_recog_single_psycho,0.6780,0.8081,442,465,516
epistemic_resistance_impasse,cell_85_messages_recog_single_psycho,0.6689,0.8136,303,499,180
epistemic_resistance_impasse,cell_85_messages_recog_single_psycho,0.6955,0.8350,664,511,227
epistemic_resistance_impasse,cell_85_messages_recog_single_psycho,0.5043,0.6706,450,551,330
epistemic_resistance_impasse,cell_85_messages_recog_single_psycho,0.6167,0.7677,510,496,344
epistemic_resistance_impasse,cell_85_messages_recog_single_psycho,0.6730,0.8046,356,505,317
epistemic_resistance_impasse,cell_85_messages_recog_single_psycho,0.7240,0.8442,345,662,252
epistemic_resistance_impasse,cell_85_messages_recog_single_psycho,0.6821,0.8111,374,467,390
epistemic_resistance_impasse,cell_87_messages_recog_multi_psycho,0.7557,0.8780,510,526,197
epistemic_resistance_impasse,cell_87_messages_recog_multi_psycho,0.6172,0.7701,495,520,307
epistemic_resistance_impasse,cell_87_messages_recog_multi_psycho,0.6182,0.7647,359,432,390
epistemic_resistance_impasse,cell_87_messages_recog_multi_psycho,0.7203,0.8434,468,414,247
epistemic_resistance_impasse,cell_87_messages_recog_multi_psycho,0.5664,0.7349,512,491,249
epistemic_resistance_impasse,cell_87_messages_recog_multi_psycho,0.5397,0.7011,395,469,372
epistemic_resistance_impasse,cell_87_messages_recog_multi_psycho,0.5781,0.7375,424,475,253
epistemic_resistance_impasse,cell_87_messages_recog_multi_psycho,0.6349,0.7778,316,555,293
epistemic_resistance_impasse,cell_87_messages_recog_multi_psycho,0.6015,0.7612,318,736,211
epistemic_resistance_impasse,cell_87_messages_recog_multi_psycho,0.7948,0.8966,298,473,91
epistemic_resistance_impasse,cell_87_messages_recog_multi_psycho,0.7460,0.8605,411,452,217
epistemic_resistance_impasse,cell_87_messages_recog_multi_psycho,0.6695,0.8182,515,389,216
epistemic_resistance_impasse,cell_87_messages_recog_multi_psycho,0.6422,0.7838,353,557,229
epistemic_resistance_impasse,cell_87_messages_recog_multi_psycho,0.7476,0.8571,364,375,215
epistemic_resistance_impasse,cell_87_messages_recog_multi_psycho,0.6553,0.8000,460,417,221
affective_shutdown_impasse,cell_81_messages_base_single_psycho,0.6763,0.8070,212,524,194
affective_shutdown_impasse,cell_81_messages_base_single_psycho,0.7492,0.8714,406,480,135
affective_shutdown_impasse,cell_81_messages_base_single_psycho,0.7177,0.8375,335,467,244
affective_shutdown_impasse,cell_81_messages_base_single_psycho,0.5349,0.7059,244,373,168
affective_shutdown_impasse,cell_81_messages_base_single_psycho,0.6784,0.8154,312,445,187
affective_shutdown_impasse,cell_81_messages_base_single_psycho,0.7727,0.8718,286,519,252
affective_shutdown_impasse,cell_81_messages_base_single_psycho,0.7331,0.8551,370,423,182
affective_shutdown_impasse,cell_81_messages_base_single_psycho,0.7651,0.8684,358,499,260
affective_shutdown_impasse,cell_81_messages_base_single_psycho,0.6893,0.8182,247,483,253
affective_shutdown_impasse,cell_81_messages_base_single_psycho,0.6188,0.7654,379,250,342
affective_shutdown_impasse,cell_81_messages_base_single_psycho,0.8402,0.9155,285,377,186
affective_shutdown_impasse,cell_81_messages_base_single_psycho,0.5310,0.6944,303,482,266
affective_shutdown_impasse,cell_81_messages_base_single_psycho,0.6824,0.8846,339,154,39
affective_shutdown_impasse,cell_81_messages_base_single_psycho,0.8020,0.8933,323,437,190
affective_shutdown_impasse,cell_81_messages_base_single_psycho,0.6418,0.7925,255,394,136
affective_shutdown_impasse,cell_83_messages_base_multi_psycho,0.7055,0.8308,292,452,180
affective_shutdown_impasse,cell_83_messages_base_multi_psycho,0.6652,0.8088,351,470,194
affective_shutdown_impasse,cell_83_messages_base_multi_psycho,0.6627,0.7973,333,538,279
affective_shutdown_impasse,cell_83_messages_base_multi_psycho,0.5292,0.6949,262,391,206
affective_shutdown_impasse,cell_83_messages_base_multi_psycho,0.7205,0.8387,257,507,209
affective_shutdown_impasse,cell_83_messages_base_multi_psycho,0.6108,0.7761,362,379,144
affective_shutdown_impasse,cell_83_messages_base_multi_psycho,0.6646,0.8000,244,433,176
affective_shutdown_impasse,cell_83_messages_base_multi_psycho,0.7090,0.8333,341,399,192
affective_shutdown_impasse,cell_83_messages_base_multi_psycho,0.4609,0.6406,357,266,191
affective_shutdown_impasse,cell_83_messages_base_multi_psycho,0.7060,0.8281,266,464,196
affective_shutdown_impasse,cell_83_messages_base_multi_psycho,0.5646,0.7241,370,106,279
affective_shutdown_impasse,cell_83_messages_base_multi_psycho,0.6593,0.8060,308,470,174
affective_shutdown_impasse,cell_83_messages_base_multi_psycho,0.6195,0.7714,340,434,193
affective_shutdown_impasse,cell_83_messages_base_multi_psycho,0.7099,0.8485,345,424,156
affective_shutdown_impasse,cell_83_messages_base_multi_psycho,0.7201,0.8500,313,368,156
affective_shutdown_impasse,cell_85_messages_recog_single_psycho,0.6632,0.8043,483,461,241
affective_shutdown_impasse,cell_85_messages_recog_single_psycho,0.5353,0.6984,312,460,265
affective_shutdown_impasse,cell_85_messages_recog_single_psycho,0.6868,0.8214,439,534,228
affective_shutdown_impasse,cell_85_messages_recog_single_psycho,0.7238,0.8421,384,459,228
affective_shutdown_impasse,cell_85_messages_recog_single_psycho,0.6703,0.8026,333,380,300
affective_shutdown_impasse,cell_85_messages_recog_single_psycho,0.5769,0.7342,395,480,270
affective_shutdown_impasse,cell_85_messages_recog_single_psycho,0.6997,0.8250,384,498,264
affective_shutdown_impasse,cell_85_messages_recog_single_psycho,0.6792,0.8226,311,442,135
affective_shutdown_impasse,cell_85_messages_recog_single_psycho,0.6893,0.8182,256,541,155
affective_shutdown_impasse,cell_85_messages_recog_single_psycho,0.6227,0.7867,415,522,135
affective_shutdown_impasse,cell_85_messages_recog_single_psycho,0.6421,0.7867,382,482,251
affective_shutdown_impasse,cell_85_messages_recog_single_psycho,0.6974,0.8413,332,538,127
affective_shutdown_impasse,cell_85_messages_recog_single_psycho,0.7703,0.8925,597,483,139
affective_shutdown_impasse,cell_85_messages_recog_single_psycho,0.7764,0.8800,219,390,116
affective_shutdown_impasse,cell_87_messages_recog_multi_psycho,0.7356,0.8592,399,479,127
affective_shutdown_impasse,cell_87_messages_recog_multi_psycho,0.6358,0.7857,368,333,187
affective_shutdown_impasse,cell_87_messages_recog_multi_psycho,0.7500,0.8571,148,414,171
affective_shutdown_impasse,cell_87_messages_recog_multi_psycho,0.7746,0.8769,340,474,140
affective_shutdown_impasse,cell_87_messages_recog_multi_psycho,0.7940,0.9048,338,441,71
affective_shutdown_impasse,cell_87_messages_recog_multi_psycho,0.7480,0.8788,353,461,99
affective_shutdown_impasse,cell_87_messages_recog_multi_psycho,0.5848,0.7419,312,427,218
affective_shutdown_impasse,cell_87_messages_recog_multi_psycho,0.5044,0.6706,396,458,379
affective_shutdown_impasse,cell_87_messages_recog_multi_psycho,0.5472,0.7125,437,572,282
affective_shutdown_impasse,cell_87_messages_recog_multi_psycho,0.4960,0.6667,372,495,250
affective_shutdown_impasse,cell_87_messages_recog_multi_psycho,0.6857,0.8250,457,444,172
affective_shutdown_impasse,cell_87_messages_recog_multi_psycho,0.6086,0.7568,276,479,279
affective_shutdown_impasse,cell_87_messages_recog_multi_psycho,0.6501,0.8033,353,507,142
affective_shutdown_impasse,cell_87_messages_recog_multi_psycho,0.6462,0.8148,360,406,81
productive_deadlock_impasse,cell_81_messages_base_single_psycho,0.7157,0.8400,347,459,202
productive_deadlock_impasse,cell_81_messages_base_single_psycho,0.6363,0.7778,242,402,219
productive_deadlock_impasse,cell_81_messages_base_single_psycho,0.7207,0.8406,304,547,182
productive_deadlock_impasse,cell_81_messages_base_single_psycho,0.5913,0.7439,349,485,302
productive_deadlock_impasse,cell_81_messages_base_single_psycho,0.7333,0.8462,312,416,274
productive_deadlock_impasse,cell_81_messages_base_single_psycho,0.6386,0.7808,318,421,250
productive_deadlock_impasse,cell_81_messages_base_single_psycho,0.6193,0.7662,330,434,281
productive_deadlock_impasse,cell_81_messages_base_single_psycho,0.6823,0.8194,387,560,218
productive_deadlock_impasse,cell_81_messages_base_single_psycho,0.6481,0.7869,264,555,239
productive_deadlock_impasse,cell_81_messages_base_single_psycho,0.7348,0.8472,286,547,270
productive_deadlock_impasse,cell_81_messages_base_single_psycho,0.6597,0.7952,321,556,388
productive_deadlock_impasse,cell_81_messages_base_single_psycho,0.6332,0.7761,274,495,217
productive_deadlock_impasse,cell_83_messages_base_multi_psycho,0.6620,0.7976,362,502,283
productive_deadlock_impasse,cell_83_messages_base_multi_psycho,0.6513,0.7917,329,414,261
productive_deadlock_impasse,cell_83_messages_base_multi_psycho,0.6602,0.8000,261,447,170
productive_deadlock_impasse,cell_83_messages_base_multi_psycho,0.4635,0.6346,257,490,186
productive_deadlock_impasse,cell_83_messages_base_multi_psycho,0.5854,0.7500,398,334,184
productive_deadlock_impasse,cell_83_messages_base_multi_psycho,0.7228,0.8415,345,411,247
productive_deadlock_impasse,cell_83_messages_base_multi_psycho,0.4817,0.6538,432,506,288
productive_deadlock_impasse,cell_83_messages_base_multi_psycho,0.5881,0.7467,345,481,218
productive_deadlock_impasse,cell_83_messages_base_multi_psycho,0.6820,0.8182,368,322,199
productive_deadlock_impasse,cell_83_messages_base_multi_psycho,0.7172,0.8356,304,373,260
productive_deadlock_impasse,cell_83_messages_base_multi_psycho,0.6471,0.7901,412,519,266
productive_deadlock_impasse,cell_83_messages_base_multi_psycho,0.7412,0.8519,372,496,309
productive_deadlock_impasse,cell_83_messages_base_multi_psycho,0.6400,0.7812,257,508,245
productive_deadlock_impasse,cell_83_messages_base_multi_psycho,0.6516,0.7969,349,457,182
productive_deadlock_impasse,cell_83_messages_base_multi_psycho,0.6550,0.7917,285,485,284
productive_deadlock_impasse,cell_85_messages_recog_single_psycho,0.7160,0.8384,490,528,369
productive_deadlock_impasse,cell_85_messages_recog_single_psycho,0.6471,0.7901,417,423,232
productive_deadlock_impasse,cell_85_messages_recog_single_psycho,0.7288,0.8718,470,383,89
productive_deadlock_impasse,cell_85_messages_recog_single_psycho,0.6659,0.8072,442,633,261
productive_deadlock_impasse,cell_85_messages_recog_single_psycho,0.7770,0.8851,499,533,173
productive_deadlock_impasse,cell_85_messages_recog_single_psycho,0.6403,0.7826,316,388,220
productive_deadlock_impasse,cell_85_messages_recog_single_psycho,0.6406,0.7831,421,518,326
productive_deadlock_impasse,cell_85_messages_recog_single_psycho,0.7823,0.8791,396,606,297
productive_deadlock_impasse,cell_85_messages_recog_single_psycho,0.7653,0.8676,250,460,261
productive_deadlock_impasse,cell_85_messages_recog_single_psycho,0.6951,0.8293,399,410,228
productive_deadlock_impasse,cell_85_messages_recog_single_psycho,0.6755,0.8108,618,588,352
productive_deadlock_impasse,cell_85_messages_recog_single_psycho,0.6901,0.8243,401,509,226
productive_deadlock_impasse,cell_85_messages_recog_single_psycho,0.6718,0.8049,397,402,277
productive_deadlock_impasse,cell_85_messages_recog_single_psycho,0.5923,0.7460,277,433,197
productive_deadlock_impasse,cell_87_messages_recog_multi_psycho,0.6625,0.8000,401,577,286
productive_deadlock_impasse,cell_87_messages_recog_multi_psycho,0.6534,0.8205,523,400,150
productive_deadlock_impasse,cell_87_messages_recog_multi_psycho,0.5944,0.7561,440,667,253
productive_deadlock_impasse,cell_87_messages_recog_multi_psycho,0.6231,0.7742,335,562,190
productive_deadlock_impasse,cell_87_messages_recog_multi_psycho,0.5924,0.7470,459,528,282
productive_deadlock_impasse,cell_87_messages_recog_multi_psycho,0.7578,0.8660,523,532,293
productive_deadlock_impasse,cell_87_messages_recog_multi_psycho,0.6058,0.7614,472,440,289
productive_deadlock_impasse,cell_87_messages_recog_multi_psycho,0.6998,0.8235,355,489,338
productive_deadlock_impasse,cell_87_messages_recog_multi_psycho,0.6383,0.7889,440,568,234
productive_deadlock_impasse,cell_87_messages_recog_multi_psycho,0.6468,0.7857,285,520,256
productive_deadlock_impasse,cell_87_messages_recog_multi_psycho,0.8132,0.9028,350,594,179
productive_deadlock_impasse,cell_87_messages_recog_multi_psycho,0.6748,0.8101,347,394,289
productive_deadlock_impasse,cell_87_messages_recog_multi_psycho,0.6605,0.8077,424,470,190
productive_deadlock_impasse,cell_87_messages_recog_multi_psycho,0.6081,0.7564,298,622,281
productive_deadlock_impasse,cell_87_messages_recog_multi_psycho,0.6176,0.7647,310,536,436
mood_frustration_to_breakthrough,cell_81_messages_base_single_psycho,0.6032,0.7526,437,1161,405
mood_frustration_to_breakthrough,cell_81_messages_base_single_psycho,0.6544,0.8043,882,1332,409
mood_frustration_to_breakthrough,cell_81_messages_base_single_psycho,0.5926,0.7453,482,891,421
mood_frustration_to_breakthrough,cell_81_messages_base_single_psycho,0.6709,0.8188,1066,1169,344
mood_frustration_to_breakthrough,cell_81_messages_base_single_psycho,0.6801,0.8140,393,790,283
mood_frustration_to_breakthrough,cell_81_messages_base_single_psycho,0.6405,0.7885,1260,1028,549
mood_frustration_to_breakthrough,cell_83_messages_base_multi_psycho,0.6524,0.8036,666,1329,295
mood_frustration_to_breakthrough,cell_83_messages_base_multi_psycho,0.6081,0.7570,517,876,437
mood_frustration_to_breakthrough,cell_83_messages_base_multi_psycho,0.6740,0.8053,513,1138,452
mood_frustration_to_breakthrough,cell_83_messages_base_multi_psycho,0.5808,0.7355,901,1152,686
mood_frustration_to_breakthrough,cell_83_messages_base_multi_psycho,0.6238,0.7685,534,924,452
mood_frustration_to_breakthrough,cell_83_messages_base_multi_psycho,0.6069,0.7600,718,1139,521
mood_frustration_to_breakthrough,cell_85_messages_recog_single_psycho,0.6841,0.8136,611,1554,443
mood_frustration_to_breakthrough,cell_85_messages_recog_single_psycho,0.6781,0.8377,1416,1406,270
mood_frustration_to_breakthrough,cell_85_messages_recog_single_psycho,0.6727,0.8317,637,1541,197
mood_frustration_to_breakthrough,cell_85_messages_recog_single_psycho,0.6157,0.7920,980,1351,313
mood_frustration_to_breakthrough,cell_85_messages_recog_single_psycho,0.6797,0.8319,873,1665,231
mood_frustration_to_breakthrough,cell_85_messages_recog_single_psycho,0.6719,0.8316,699,1373,177
mood_frustration_to_breakthrough,cell_85_messages_recog_single_psycho,0.7876,0.9478,1076,1447,34
mood_frustration_to_breakthrough,cell_87_messages_recog_multi_psycho,0.6674,0.8080,737,1067,471
mood_frustration_to_breakthrough,cell_87_messages_recog_multi_psycho,0.7118,0.8521,1039,1493,304
mood_frustration_to_breakthrough,cell_87_messages_recog_multi_psycho,0.5673,0.7308,655,1145,410
mood_frustration_to_breakthrough,cell_87_messages_recog_multi_psycho,0.6553,0.8054,1120,1465,429
mood_frustration_to_breakthrough,cell_87_messages_recog_multi_psycho,0.5865,0.7500,722,1452,382
mood_frustration_to_breakthrough,cell_87_messages_recog_multi_psycho,0.5848,0.7407,972,1425,695
misconception_correction_flow,cell_81_messages_base_single_psycho,0.6611,0.8077,597,693,300
misconception_correction_flow,cell_81_messages_base_single_psycho,0.6878,0.8160,645,858,498
misconception_correction_flow,cell_81_messages_base_single_psycho,0.6690,0.8021,434,814,362
misconception_correction_flow,cell_81_messages_base_single_psycho,0.5850,0.7431,552,903,1014
misconception_correction_flow,cell_83_messages_base_multi_psycho,0.7205,0.8404,457,1021,295
misconception_correction_flow,cell_83_messages_base_multi_psycho,0.5960,0.7500,542,1062,450
misconception_correction_flow,cell_83_messages_base_multi_psycho,0.6175,0.7636,520,884,438
misconception_correction_flow,cell_85_messages_recog_single_psycho,0.5378,0.7168,837,1454,350
misconception_correction_flow,cell_85_messages_recog_single_psycho,0.6050,0.7750,1324,1364,517
misconception_correction_flow,cell_85_messages_recog_single_psycho,0.5669,0.7383,1089,1587,479
misconception_correction_flow,cell_85_messages_recog_single_psycho,0.8203,0.9615,1199,1604,23
misconception_correction_flow,cell_83_messages_base_multi_psycho,0.5822,0.7379,510,709,440
misconception_correction_flow,cell_83_messages_base_multi_psycho,0.6445,0.8015,1013,852,354
misconception_correction_flow,cell_85_messages_recog_single_psycho,0.5939,0.7642,901,1409,319
misconception_correction_flow,cell_85_messages_recog_single_psycho,0.7117,0.8347,668,1119,429
misconception_correction_flow,cell_87_messages_recog_multi_psycho,0.6186,0.7760,765,1234,427
misconception_correction_flow,cell_87_messages_recog_multi_psycho,0.6394,0.7949,1178,1222,507
misconception_correction_flow,cell_87_messages_recog_multi_psycho,0.6507,0.8092,958,797,320
misconception_correction_flow,cell_87_messages_recog_multi_psycho,0.7968,0.9459,1047,950,37
misconception_correction_flow,cell_87_messages_recog_multi_psycho,0.6128,0.7627,664,961,462
misconception_correction_flow,cell_87_messages_recog_multi_psycho,0.6826,0.8403,1115,1450,272
mutual_transformation_journey,cell_81_messages_base_single_psycho,0.6189,0.7647,470,833,484
mutual_transformation_journey,cell_81_messages_base_single_psycho,0.6408,0.7890,638,1005,333
mutual_transformation_journey,cell_81_messages_base_single_psycho,0.6393,0.7868,964,1096,503
mutual_transformation_journey,cell_81_messages_base_single_psycho,0.6402,0.7901,521,710,264
mutual_transformation_journey,cell_81_messages_base_single_psycho,0.6725,0.8182,747,836,276
mutual_transformation_journey,cell_83_messages_base_multi_psycho,0.5984,0.7500,599,1094,499
mutual_transformation_journey,cell_83_messages_base_multi_psycho,0.5682,0.7344,1017,1327,448
mutual_transformation_journey,cell_83_messages_base_multi_psycho,0.5471,0.7184,704,1109,304
mutual_transformation_journey,cell_83_messages_base_multi_psycho,0.5302,0.6931,534,1137,497
mutual_transformation_journey,cell_83_messages_base_multi_psycho,0.6859,0.8175,882,1284,506
mutual_transformation_journey,cell_85_messages_recog_single_psycho,0.4940,0.6720,807,1475,518
mutual_transformation_journey,cell_85_messages_recog_single_psycho,0.5952,0.7500,916,1613,561
mutual_transformation_journey,cell_85_messages_recog_single_psycho,0.5677,0.7286,962,1645,549
mutual_transformation_journey,cell_85_messages_recog_single_psycho,0.6109,0.7658,1055,1496,711
mutual_transformation_journey,cell_85_messages_recog_single_psycho,0.5723,0.7285,755,1457,719
mutual_transformation_journey,cell_87_messages_recog_multi_psycho,0.5135,0.6786,619,1544,565
mutual_transformation_journey,cell_87_messages_recog_multi_psycho,0.5677,0.7622,1693,1667,381
mutual_transformation_journey,cell_87_messages_recog_multi_psycho,0.6317,0.7976,1497,1833,481
mutual_transformation_journey,cell_87_messages_recog_multi_psycho,0.6878,0.8393,829,1421,225
mutual_transformation_journey,cell_87_messages_recog_multi_psycho,0.6499,0.7982,662,1046,319
mutual_transformation_journey,cell_87_messages_recog_multi_psycho,0.6440,0.8182,1195,1559,256
mutual_transformation_journey,cell_87_messages_recog_multi_psycho,0.6570,0.8014,1004,1499,491
epistemic_resistance_impasse,cell_81_messages_base_single_psycho,0.6344,0.7789,486,888,358
epistemic_resistance_impasse,cell_81_messages_base_single_psycho,0.6479,0.7863,575,836,537
epistemic_resistance_impasse,cell_81_messages_base_single_psycho,0.5843,0.7377,599,981,592
epistemic_resistance_impasse,cell_81_messages_base_single_psycho,0.5129,0.6812,959,1286,614
epistemic_resistance_impasse,cell_81_messages_base_single_psycho,0.6750,0.8065,443,728,371
epistemic_resistance_impasse,cell_81_messages_base_single_psycho,0.6696,0.8099,850,962,414
epistemic_resistance_impasse,cell_83_messages_base_multi_psycho,0.5819,0.7358,498,848,434
epistemic_resistance_impasse,cell_83_messages_base_multi_psycho,0.6771,0.8163,589,1096,255
epistemic_resistance_impasse,cell_83_messages_base_multi_psycho,0.6366,0.7787,667,1120,473
epistemic_resistance_impasse,cell_83_messages_base_multi_psycho,0.6058,0.7552,815,1639,586
epistemic_resistance_impasse,cell_83_messages_base_multi_psycho,0.6851,0.8151,617,879,456
epistemic_resistance_impasse,cell_83_messages_base_multi_psycho,0.6726,0.8217,949,932,336
epistemic_resistance_impasse,cell_85_messages_recog_single_psycho,0.6076,0.7594,814,1564,522
epistemic_resistance_impasse,cell_85_messages_recog_single_psycho,0.5943,0.7467,816,1450,716
epistemic_resistance_impasse,cell_85_messages_recog_single_psycho,0.6045,0.7535,738,1434,791
epistemic_resistance_impasse,cell_85_messages_recog_single_psycho,0.6072,0.7727,723,1536,302
epistemic_resistance_impasse,cell_85_messages_recog_single_psycho,0.5836,0.7483,1084,1420,519
epistemic_resistance_impasse,cell_85_messages_recog_single_psycho,0.6541,0.7986,966,1744,460
epistemic_resistance_impasse,cell_87_messages_recog_multi_psycho,0.6587,0.7958,1021,892,566
epistemic_resistance_impasse,cell_87_messages_recog_multi_psycho,0.5879,0.7561,920,1628,390
epistemic_resistance_impasse,cell_87_messages_recog_multi_psycho,0.6305,0.7820,891,1355,414
epistemic_resistance_impasse,cell_87_messages_recog_multi_psycho,0.6168,0.7806,1112,1567,505
epistemic_resistance_impasse,cell_87_messages_recog_multi_psycho,0.5628,0.7603,1093,1584,260
epistemic_resistance_impasse,cell_87_messages_recog_multi_psycho,0.5821,0.7453,1218,1695,596
affective_shutdown_impasse,cell_81_messages_base_single_psycho,0.6763,0.8070,461,873,449
affective_shutdown_impasse,cell_81_messages_base_single_psycho,0.7771,0.8788,498,936,281
affective_shutdown_impasse,cell_81_messages_base_single_psycho,0.6138,0.7609,383,856,401
affective_shutdown_impasse,cell_83_messages_base_multi_psycho,0.6045,0.7573,531,1116,366
affective_shutdown_impasse,cell_83_messages_base_multi_psycho,0.6606,0.8095,856,1092,343
affective_shutdown_impasse,cell_83_messages_base_multi_psycho,0.6444,0.7965,637,955,292
affective_shutdown_impasse,cell_83_messages_base_multi_psycho,0.7009,0.8279,633,894,404
affective_shutdown_impasse,cell_83_messages_base_multi_psycho,0.6754,0.8083,610,809,402
affective_shutdown_impasse,cell_85_messages_recog_single_psycho,0.5830,0.7387,661,1387,385
affective_shutdown_impasse,cell_85_messages_recog_single_psycho,0.5915,0.7480,750,1126,449
affective_shutdown_impasse,cell_85_messages_recog_single_psycho,0.4658,0.6514,733,1577,416
affective_shutdown_impasse,cell_85_messages_recog_single_psycho,0.6444,0.7945,1030,1299,445
affective_shutdown_impasse,cell_85_messages_recog_single_psycho,0.6126,0.7652,741,1472,555
affective_shutdown_impasse,cell_85_messages_recog_single_psycho,0.6575,0.7953,777,1418,491
affective_shutdown_impasse,cell_87_messages_recog_multi_psycho,0.5884,0.7424,812,1415,624
affective_shutdown_impasse,cell_87_messages_recog_multi_psycho,0.6288,0.7744,780,1366,666
affective_shutdown_impasse,cell_87_messages_recog_multi_psycho,0.6184,0.8065,1095,978,228
affective_shutdown_impasse,cell_87_messages_recog_multi_psycho,0.6731,0.8261,786,1453,252
affective_shutdown_impasse,cell_87_messages_recog_multi_psycho,0.6360,0.7986,1116,1481,440
productive_deadlock_impasse,cell_81_messages_base_single_psycho,0.6684,0.8152,538,877,250
productive_deadlock_impasse,cell_81_messages_base_single_psycho,0.7258,0.8516,837,1214,348
productive_deadlock_impasse,cell_81_messages_base_single_psycho,0.5617,0.7255,574,774,434
productive_deadlock_impasse,cell_81_messages_base_single_psycho,0.6392,0.7947,1063,918,430
productive_deadlock_impasse,cell_81_messages_base_single_psycho,0.6103,0.7589,635,879,460
productive_deadlock_impasse,cell_83_messages_base_multi_psycho,0.5868,0.7404,536,891,473
productive_deadlock_impasse,cell_85_messages_recog_single_psycho,0.6567,0.8092,1005,1277,460
productive_deadlock_impasse,cell_85_messages_recog_single_psycho,0.7141,0.8385,867,1581,409
productive_deadlock_impasse,cell_83_messages_base_multi_psycho,0.6924,0.8208,571,1100,390
productive_deadlock_impasse,cell_83_messages_base_multi_psycho,0.6588,0.7946,574,917,478
productive_deadlock_impasse,cell_85_messages_recog_single_psycho,0.5310,0.7025,1225,1706,675
productive_deadlock_impasse,cell_85_messages_recog_single_psycho,0.5858,0.7445,905,1180,541
productive_deadlock_impasse,cell_85_messages_recog_single_psycho,0.6051,0.7594,870,1522,600
productive_deadlock_impasse,cell_85_messages_recog_single_psycho,0.6736,0.8195,965,1122,396
productive_deadlock_impasse,cell_87_messages_recog_multi_psycho,0.5455,0.7092,914,1395,606
productive_deadlock_impasse,cell_87_messages_recog_multi_psycho,0.6988,0.8308,849,1520,455
productive_deadlock_impasse,cell_87_messages_recog_multi_psycho,0.6589,0.8112,1084,1034,406
productive_deadlock_impasse,cell_87_messages_recog_multi_psycho,0.6509,0.8129,1136,1114,299
productive_deadlock_impasse,cell_87_messages_recog_multi_psycho,0.6380,0.7842,883,1300,570
productive_deadlock_impasse,cell_87_messages_recog_multi_psycho,0.6143,0.7611,980,1564,1081
productive_deadlock_impasse,cell_87_messages_recog_multi_psycho,0.8545,0.9640,943,1699,32
productive_deadlock_impasse,cell_87_messages_recog_multi_psycho,0.6301,0.7929,1060,1478,351
mood_frustration_to_breakthrough,cell_81_messages_base_single_psycho,0.5648,0.7222,62,53,61
mood_frustration_to_breakthrough,cell_81_messages_base_single_psycho,0.9125,0.9692,386,87,51
mood_frustration_to_breakthrough,cell_81_messages_base_single_psycho,0.4513,0.6220,369,597,400
mood_frustration_to_breakthrough,cell_81_messages_base_single_psycho,0.3037,0.4667,59,57,64
mood_frustration_to_breakthrough,cell_81_messages_base_single_psycho,0.8799,0.9483,346,766,67
mood_frustration_to_breakthrough,cell_81_messages_base_single_psycho,0.7271,0.8704,363,77,61
mood_frustration_to_breakthrough,cell_81_messages_base_single_psycho,0.5697,0.7273,400,558,363
mood_frustration_to_breakthrough,cell_81_messages_base_single_psycho,0.5088,0.6747,343,684,440
mood_frustration_to_breakthrough,cell_83_messages_base_multi_psycho,0.6667,0.8000,55,83,46
mood_frustration_to_breakthrough,cell_83_messages_base_multi_psycho,0.7646,0.8936,266,587,61
mood_frustration_to_breakthrough,cell_83_messages_base_multi_psycho,0.9194,0.9583,51,582,68
mood_frustration_to_breakthrough,cell_83_messages_base_multi_psycho,0.4095,0.5811,332,74,316
mood_frustration_to_breakthrough,cell_83_messages_base_multi_psycho,0.7369,0.8500,53,77,63
mood_frustration_to_breakthrough,cell_83_messages_base_multi_psycho,0.6182,0.7647,289,510,390
mood_frustration_to_breakthrough,cell_85_messages_recog_single_psycho,0.5808,0.7353,461,603,500
mood_frustration_to_breakthrough,cell_85_messages_recog_single_psycho,0.6710,0.8148,239,614,106
mood_frustration_to_breakthrough,cell_85_messages_recog_single_psycho,0.6895,0.8529,436,625,81
mood_frustration_to_breakthrough,cell_85_messages_recog_single_psycho,0.6103,0.7670,582,647,302
mood_frustration_to_breakthrough,cell_87_messages_recog_multi_psycho,0.5549,0.7162,246,607,344
mood_frustration_to_breakthrough,cell_87_messages_recog_multi_psycho,0.5606,0.7196,544,662,444
mood_frustration_to_breakthrough,cell_87_messages_recog_multi_psycho,0.6262,0.7701,364,621,341
mood_frustration_to_breakthrough,cell_87_messages_recog_multi_psycho,0.5352,0.7097,358,544,184
mood_frustration_to_breakthrough,cell_87_messages_recog_multi_psycho,0.4464,0.6220,364,541,439
misconception_correction_flow,cell_81_messages_base_single_psycho,0.6265,0.8605,305,70,40
misconception_correction_flow,cell_81_messages_base_single_psycho,0.3550,0.5303,411,64,273
misconception_correction_flow,cell_81_messages_base_single_psycho,0.7929,0.9153,330,714,72
misconception_correction_flow,cell_81_messages_base_single_psycho,0.4286,0.6000,45,68,43
misconception_correction_flow,cell_81_messages_base_single_psycho,0.7030,0.8868,371,617,36
misconception_correction_flow,cell_81_messages_base_single_psycho,0.5493,0.7290,877,672,298
misconception_correction_flow,cell_81_messages_base_single_psycho,0.8909,0.9444,45,64,52
misconception_correction_flow,cell_81_messages_base_single_psycho,0.6680,0.8023,333,537,381
misconception_correction_flow,cell_83_messages_base_multi_psycho,0.4312,0.6765,58,47,201
misconception_correction_flow,cell_83_messages_base_multi_psycho,0.6127,0.8500,32,82,250
misconception_correction_flow,cell_83_messages_base_multi_psycho,0.7163,0.8354,255,467,344
misconception_correction_flow,cell_83_messages_base_multi_psycho,0.0513,0.1000,54,54,49
misconception_correction_flow,cell_83_messages_base_multi_psycho,0.5145,0.6806,352,531,301
misconception_correction_flow,cell_83_messages_base_multi_psycho,0.4763,0.6479,284,544,364
misconception_correction_flow,cell_85_messages_recog_single_psycho,0.7781,0.8889,94,561,279
misconception_correction_flow,cell_85_messages_recog_single_psycho,0.7977,0.9077,85,108,374
misconception_correction_flow,cell_85_messages_recog_single_psycho,0.5915,0.7442,333,535,409
misconception_correction_flow,cell_85_messages_recog_single_psycho,0.6562,0.8406,494,644,78
misconception_correction_flow,cell_85_messages_recog_single_psycho,0.5658,0.7228,409,556,491
misconception_correction_flow,cell_87_messages_recog_multi_psycho,0.6000,0.7500,378,506,390
misconception_correction_flow,cell_87_messages_recog_multi_psycho,0.5857,0.7391,436,581,390
misconception_correction_flow,cell_87_messages_recog_multi_psycho,0.5461,0.7065,455,591,433
mutual_transformation_journey,cell_81_messages_base_single_psycho,0.5592,0.7176,375,636,353
mutual_transformation_journey,cell_81_messages_base_single_psycho,0.7058,0.8889,347,654,40
mutual_transformation_journey,cell_81_messages_base_single_psycho,0.7948,0.9167,54,71,349
mutual_transformation_journey,cell_81_messages_base_single_psycho,0.8349,0.9483,27,706,414
mutual_transformation_journey,cell_81_messages_base_single_psycho,0.6439,0.7835,430,67,408
mutual_transformation_journey,cell_81_messages_base_single_psycho,0.7115,0.8315,376,84,396
mutual_transformation_journey,cell_81_messages_base_single_psycho,0.8443,0.9444,460,506,51
mutual_transformation_journey,cell_83_messages_base_multi_psycho,0.5918,0.8333,44,69,375
mutual_transformation_journey,cell_83_messages_base_multi_psycho,0.8239,0.9216,280,589,67
mutual_transformation_journey,cell_83_messages_base_multi_psycho,0.5161,0.6818,476,69,372
mutual_transformation_journey,cell_83_messages_base_multi_psycho,0.5857,0.7391,417,636,420
mutual_transformation_journey,cell_83_messages_base_multi_psycho,0.5723,0.7283,401,532,443
mutual_transformation_journey,cell_83_messages_base_multi_psycho,0.6007,0.7525,465,733,385
mutual_transformation_journey,cell_83_messages_base_multi_psycho,0.6615,0.8021,513,600,373
mutual_transformation_journey,cell_85_messages_recog_single_psycho,0.5991,0.7500,540,589,480
mutual_transformation_journey,cell_85_messages_recog_single_psycho,0.4857,0.6548,346,500,451
mutual_transformation_journey,cell_85_messages_recog_single_psycho,0.6944,0.8571,418,688,88
mutual_transformation_journey,cell_85_messages_recog_single_psycho,0.6773,0.8551,463,730,92
mutual_transformation_journey,cell_85_messages_recog_single_psycho,1.0000,1.0000,1,128,100
mutual_transformation_journey,cell_85_messages_recog_single_psycho,0.6762,0.8242,599,623,211
mutual_transformation_journey,cell_85_messages_recog_single_psycho,0.6501,0.8146,2553,683,526
mutual_transformation_journey,cell_87_messages_recog_multi_psycho,0.7166,0.8864,640,626,81
mutual_transformation_journey,cell_87_messages_recog_multi_psycho,0.6253,0.7759,579,640,396
mutual_transformation_journey,cell_87_messages_recog_multi_psycho,0.5625,0.7283,300,567,510
mutual_transformation_journey,cell_87_messages_recog_multi_psycho,0.5818,0.7361,304,691,310
mutual_transformation_journey,cell_87_messages_recog_multi_psycho,0.5530,0.7129,508,704,445
epistemic_resistance_impasse,cell_81_messages_base_single_psycho,0.9038,0.9500,62,525,53
epistemic_resistance_impasse,cell_81_messages_base_single_psycho,0.3077,0.4714,444,61,390
epistemic_resistance_impasse,cell_81_messages_base_single_psycho,0.4492,0.6265,467,577,327
epistemic_resistance_impasse,cell_81_messages_base_single_psycho,0.9130,0.9545,66,84,66
epistemic_resistance_impasse,cell_81_messages_base_single_psycho,0.6954,0.8654,370,66,58
epistemic_resistance_impasse,cell_81_messages_base_single_psycho,0.8182,0.9000,58,71,72
epistemic_resistance_impasse,cell_81_messages_base_single_psycho,0.6400,0.7917,209,552,362
epistemic_resistance_impasse,cell_81_messages_base_single_psycho,0.2692,0.4500,809,59,400
epistemic_resistance_impasse,cell_83_messages_base_multi_psycho,0.8441,0.9298,65,482,316
epistemic_resistance_impasse,cell_83_messages_base_multi_psycho,0.4016,0.5778,567,73,451
epistemic_resistance_impasse,cell_83_messages_base_multi_psycho,0.5087,0.7586,412,58,73
epistemic_resistance_impasse,cell_83_messages_base_multi_psycho,0.6518,0.8333,268,114,71
epistemic_resistance_impasse,cell_83_messages_base_multi_psycho,0.9063,0.9683,404,70,50
epistemic_resistance_impasse,cell_83_messages_base_multi_psycho,0.5746,0.7353,567,61,387
epistemic_resistance_impasse,cell_83_messages_base_multi_psycho,0.8860,0.9412,53,46,50
epistemic_resistance_impasse,cell_83_messages_base_multi_psycho,0.6849,0.8343,1594,652,355
epistemic_resistance_impasse,cell_85_messages_recog_single_psycho,0.7400,0.8571,156,603,392
epistemic_resistance_impasse,cell_85_messages_recog_single_psycho,0.5266,0.6915,507,559,388
epistemic_resistance_impasse,cell_85_messages_recog_single_psycho,0.6021,0.7564,256,611,396
epistemic_resistance_impasse,cell_85_messages_recog_single_psycho,0.7179,0.8750,542,741,106
epistemic_resistance_impasse,cell_85_messages_recog_single_psycho,0.7038,0.8551,403,772,108
epistemic_resistance_impasse,cell_85_messages_recog_single_psycho,0.6947,0.8286,302,274,547
epistemic_resistance_impasse,cell_87_messages_recog_multi_psycho,0.5316,0.6944,562,655,485
epistemic_resistance_impasse,cell_87_messages_recog_multi_psycho,0.4586,0.6304,589,645,462
epistemic_resistance_impasse,cell_87_messages_recog_multi_psycho,0.6633,0.8020,379,628,520
epistemic_resistance_impasse,cell_87_messages_recog_multi_psycho,0.7017,0.8721,608,809,105
epistemic_resistance_impasse,cell_87_messages_recog_multi_psycho,0.5671,0.7238,515,692,527
affective_shutdown_impasse,cell_81_messages_base_single_psycho,0.0364,0.0714,76,77,61
affective_shutdown_impasse,cell_81_messages_base_single_psycho,0.6985,0.8235,296,595,426
affective_shutdown_impasse,cell_81_messages_base_single_psycho,0.6746,0.8105,462,700,320
affective_shutdown_impasse,cell_81_messages_base_single_psycho,0.4167,0.5882,59,548,62
affective_shutdown_impasse,cell_81_messages_base_single_psycho,0.8780,0.9524,367,69,65
affective_shutdown_impasse,cell_81_messages_base_single_psycho,0.7610,0.8824,78,559,307
affective_shutdown_impasse,cell_81_messages_base_single_psycho,0.5151,0.6804,446,689,453
affective_shutdown_impasse,cell_81_messages_base_single_psycho,0.6777,0.8095,61,417,56
affective_shutdown_impasse,cell_81_messages_base_single_psycho,0.4789,0.6512,454,523,360
affective_shutdown_impasse,cell_83_messages_base_multi_psycho,0.6492,0.7895,61,581,53
affective_shutdown_impasse,cell_83_messages_base_multi_psycho,0.0385,0.0755,329,73,382
affective_shutdown_impasse,cell_83_messages_base_multi_psycho,0.6766,0.8545,333,69,67
affective_shutdown_impasse,cell_83_messages_base_multi_psycho,0.9093,0.9672,437,546,373
affective_shutdown_impasse,cell_83_messages_base_multi_psycho,0.1750,0.3000,44,63,53
affective_shutdown_impasse,cell_83_messages_base_multi_psycho,0.4755,0.6447,393,70,357
affective_shutdown_impasse,cell_83_messages_base_multi_psycho,0.7692,0.8696,81,507,66
affective_shutdown_impasse,cell_83_messages_base_multi_psycho,0.6736,0.8571,308,660,56
affective_shutdown_impasse,cell_85_messages_recog_single_psycho,0.5508,0.7113,461,602,419
affective_shutdown_impasse,cell_85_messages_recog_single_psycho,1.0000,1.0000,1,489,440
affective_shutdown_impasse,cell_85_messages_recog_single_psycho,0.7696,0.8706,278,557,338
affective_shutdown_impasse,cell_85_messages_recog_single_psycho,0.5324,0.7000,614,667,433
affective_shutdown_impasse,cell_87_messages_recog_multi_psycho,0.5111,0.6771,503,751,402
affective_shutdown_impasse,cell_87_messages_recog_multi_psycho,0.8016,0.9143,429,693,79
affective_shutdown_impasse,cell_87_messages_recog_multi_psycho,0.7292,0.8438,380,547,335
affective_shutdown_impasse,cell_87_messages_recog_multi_psycho,0.6266,0.8010,2378,642,440
affective_shutdown_impasse,cell_87_messages_recog_multi_psycho,0.8042,0.9146,528,546,101
affective_shutdown_impasse,cell_87_messages_recog_multi_psycho,0.5479,0.7114,1012,526,627
affective_shutdown_impasse,cell_87_messages_recog_multi_psycho,0.8457,0.9167,125,541,106
affective_shutdown_impasse,cell_87_messages_recog_multi_psycho,0.7474,0.8605,234,577,424
affective_shutdown_impasse,cell_87_messages_recog_multi_psycho,0.7084,0.8351,317,676,501
affective_shutdown_impasse,cell_87_messages_recog_multi_psycho,0.5866,0.7434,668,665,475
productive_deadlock_impasse,cell_81_messages_base_single_psycho,0.7000,0.8235,63,459,48
productive_deadlock_impasse,cell_81_messages_base_single_psycho,0.6299,0.7750,267,80,329
productive_deadlock_impasse,cell_81_messages_base_single_psycho,0.6243,0.7692,325,625,380
productive_deadlock_impasse,cell_81_messages_base_single_psycho,0.4918,0.6596,474,575,427
productive_deadlock_impasse,cell_81_messages_base_single_psycho,0.1476,0.2581,361,57,456
productive_deadlock_impasse,cell_81_messages_base_single_psycho,0.7035,0.8261,92,569,72
productive_deadlock_impasse,cell_81_messages_base_single_psycho,0.5889,0.7439,406,88,329
productive_deadlock_impasse,cell_83_messages_base_multi_psycho,0.4625,0.7111,68,76,310
productive_deadlock_impasse,cell_83_messages_base_multi_psycho,0.5562,0.7164,265,513,307
productive_deadlock_impasse,cell_83_messages_base_multi_psycho,0.6035,0.8000,262,629,62
productive_deadlock_impasse,cell_83_messages_base_multi_psycho,0.5524,0.7126,363,486,464
productive_deadlock_impasse,cell_83_messages_base_multi_psycho,0.7316,0.8472,238,699,323
productive_deadlock_impasse,cell_83_messages_base_multi_psycho,0.9123,0.9545,64,82,57
productive_deadlock_impasse,cell_83_messages_base_multi_psycho,0.4897,0.6575,369,623,338
productive_deadlock_impasse,cell_85_messages_recog_single_psycho,0.5949,0.7475,471,646,403
productive_deadlock_impasse,cell_85_messages_recog_single_psycho,0.5413,0.7045,341,506,425
productive_deadlock_impasse,cell_85_messages_recog_single_psycho,0.8069,0.9167,594,513,117
productive_deadlock_impasse,cell_85_messages_recog_single_psycho,0.7777,0.9014,431,613,96
productive_deadlock_impasse,cell_85_messages_recog_single_psycho,0.6205,0.7660,387,739,406
productive_deadlock_impasse,cell_85_messages_recog_single_psycho,0.6609,0.8020,566,615,322
productive_deadlock_impasse,cell_85_messages_recog_single_psycho,0.4456,0.6261,901,683,462
productive_deadlock_impasse,cell_87_messages_recog_multi_psycho,0.8737,0.9444,114,732,450
productive_deadlock_impasse,cell_87_messages_recog_multi_psycho,0.7633,0.8706,211,635,454
productive_deadlock_impasse,cell_87_messages_recog_multi_psycho,0.8163,0.9136,129,675,496
productive_deadlock_impasse,cell_87_messages_recog_multi_psycho,0.5751,0.7377,663,667,424
productive_deadlock_impasse,cell_87_messages_recog_multi_psycho,0.7924,0.8864,151,106,109
mood_frustration_to_breakthrough,cell_81_messages_base_single_psycho,0.6923,0.8353,1743,1753,397
mood_frustration_to_breakthrough,cell_81_messages_base_single_psycho,0.5268,0.6905,593,1689,1116
mood_frustration_to_breakthrough,cell_81_messages_base_single_psycho,0.7219,0.8400,265,1823,291
trajectory_confusion_to_insight,cell_81_messages_base_single_psycho,0.4925,0.6600,188,426,200
trajectory_confusion_to_insight,cell_81_messages_base_single_psycho,0.6472,0.7885,226,449,174
trajectory_confusion_to_insight,cell_81_messages_base_single_psycho,0.6705,0.8033,261,415,209
trajectory_confusion_to_insight,cell_81_messages_base_single_psycho,0.6609,0.7969,255,400,231
trajectory_confusion_to_insight,cell_81_messages_base_single_psycho,0.6469,0.7857,231,383,194
trajectory_confusion_to_insight,cell_81_messages_base_single_psycho,0.5518,0.7115,237,466,194
trajectory_confusion_to_insight,cell_81_messages_base_single_psycho,0.6029,0.7536,315,188,231
trajectory_confusion_to_insight,cell_81_messages_base_single_psycho,0.5688,0.7258,276,377,225
trajectory_confusion_to_insight,cell_81_messages_base_single_psycho,0.6713,0.8065,267,305,211
trajectory_confusion_to_insight,cell_81_messages_base_single_psycho,0.6630,0.8030,211,394,289
trajectory_confusion_to_insight,cell_81_messages_base_single_psycho,0.7628,0.8696,289,364,194
trajectory_confusion_to_insight,cell_81_messages_base_single_psycho,0.5281,0.6912,251,121,280
trajectory_confusion_to_insight,cell_81_messages_base_single_psycho,0.6936,0.8194,280,335,219
trajectory_confusion_to_insight,cell_81_messages_base_single_psycho,0.7715,0.8732,266,393,207
trajectory_confusion_to_insight,cell_81_messages_base_single_psycho,0.6266,0.7705,238,340,270
trajectory_confusion_to_insight,cell_81_messages_base_single_psycho,0.5148,0.6842,283,423,190
trajectory_confusion_to_insight,cell_81_messages_base_single_psycho,0.7099,0.8305,226,350,232
trajectory_confusion_to_insight,cell_81_messages_base_single_psycho,0.5713,0.7342,393,292,259
trajectory_confusion_to_insight,cell_83_messages_base_multi_psycho,0.5360,0.6984,293,433,244
trajectory_confusion_to_insight,cell_83_messages_base_multi_psycho,0.6516,0.7949,384,470,215
trajectory_confusion_to_insight,cell_83_messages_base_multi_psycho,0.6622,0.7975,335,426,271
trajectory_confusion_to_insight,cell_83_messages_base_multi_psycho,0.7009,0.8261,275,372,199
trajectory_confusion_to_insight,cell_83_messages_base_multi_psycho,0.5861,0.7397,307,376,250
trajectory_confusion_to_insight,cell_83_messages_base_multi_psycho,0.7781,0.8889,274,448,93
trajectory_confusion_to_insight,cell_83_messages_base_multi_psycho,0.7834,0.8980,271,491,91
trajectory_confusion_to_insight,cell_83_messages_base_multi_psycho,0.6907,0.8193,330,507,248
trajectory_confusion_to_insight,cell_83_messages_base_multi_psycho,0.7164,0.8382,305,442,197
trajectory_confusion_to_insight,cell_83_messages_base_multi_psycho,0.6659,0.8000,300,490,275
trajectory_confusion_to_insight,cell_83_messages_base_multi_psycho,0.6732,0.8052,312,205,271
trajectory_confusion_to_insight,cell_83_messages_base_multi_psycho,0.6603,0.7966,241,388,192
trajectory_confusion_to_insight,cell_83_messages_base_multi_psycho,0.5115,0.6812,328,465,228
trajectory_confusion_to_insight,cell_83_messages_base_multi_psycho,0.6655,0.8000,228,391,201
trajectory_confusion_to_insight,cell_83_messages_base_multi_psycho,0.7302,0.8442,295,545,291
trajectory_confusion_to_insight,cell_83_messages_base_multi_psycho,0.8046,0.8919,252,341,273
trajectory_confusion_to_insight,cell_83_messages_base_multi_psycho,0.6129,0.7600,294,338,316
trajectory_confusion_to_insight,cell_83_messages_base_multi_psycho,0.7316,0.8472,317,583,227
trajectory_confusion_to_insight,cell_83_messages_base_multi_psycho,0.5900,0.7429,302,627,249
trajectory_confusion_to_insight,cell_83_messages_base_multi_psycho,0.7102,0.8333,310,490,215
trajectory_confusion_to_insight,cell_85_messages_recog_single_psycho,0.7623,0.8721,410,506,255
trajectory_confusion_to_insight,cell_85_messages_recog_single_psycho,0.5229,0.6941,445,584,312
trajectory_confusion_to_insight,cell_85_messages_recog_single_psycho,0.6690,0.8022,383,460,346
trajectory_confusion_to_insight,cell_85_messages_recog_single_psycho,0.7054,0.8354,391,471,187
trajectory_confusion_to_insight,cell_85_messages_recog_single_psycho,0.8873,0.9412,285,503,152
trajectory_confusion_to_insight,cell_85_messages_recog_single_psycho,0.5833,0.7368,254,513,224
trajectory_confusion_to_insight,cell_85_messages_recog_single_psycho,0.6165,0.7727,307,514,161
trajectory_confusion_to_insight,cell_85_messages_recog_single_psycho,0.6996,0.8235,258,398,231
trajectory_confusion_to_insight,cell_85_messages_recog_single_psycho,0.6197,0.7703,362,455,220
trajectory_confusion_to_insight,cell_85_messages_recog_single_psycho,0.7336,0.8545,247,419,139
trajectory_confusion_to_insight,cell_85_messages_recog_single_psycho,0.7441,0.8571,139,466,196
trajectory_confusion_to_insight,cell_85_messages_recog_single_psycho,0.6817,0.8182,318,450,174
trajectory_confusion_to_insight,cell_85_messages_recog_single_psycho,0.6156,0.7719,268,361,151
trajectory_confusion_to_insight,cell_85_messages_recog_single_psycho,0.6311,0.8000,409,334,149
trajectory_confusion_to_insight,cell_85_messages_recog_single_psycho,0.5275,0.6984,293,431,203
trajectory_confusion_to_insight,cell_85_messages_recog_single_psycho,0.6098,0.7586,244,473,196
trajectory_confusion_to_insight,cell_85_messages_recog_single_psycho,0.6362,0.7778,340,526,324
trajectory_confusion_to_insight,cell_85_messages_recog_single_psycho,0.5989,0.7987,1478,521,247
trajectory_confusion_to_insight,cell_85_messages_recog_single_psycho,0.5951,0.7500,377,559,228
trajectory_confusion_to_insight,cell_85_messages_recog_single_psycho,0.6012,0.7538,274,404,194
trajectory_confusion_to_insight,cell_85_messages_recog_single_psycho,0.6262,0.7727,290,409,204
trajectory_confusion_to_insight,cell_85_messages_recog_single_psycho,0.6226,0.7705,240,338,191
trajectory_confusion_to_insight,cell_85_messages_recog_single_psycho,0.7436,0.8696,355,434,120
trajectory_confusion_to_insight,cell_85_messages_recog_single_psycho,0.6825,0.8353,534,670,152
trajectory_confusion_to_insight,cell_87_messages_recog_multi_psycho,0.7121,0.8333,359,540,259
trajectory_confusion_to_insight,cell_87_messages_recog_multi_psycho,0.6463,0.7975,471,534,188
trajectory_confusion_to_insight,cell_87_messages_recog_multi_psycho,0.4883,0.6620,249,536,355
trajectory_confusion_to_insight,cell_87_messages_recog_multi_psycho,0.6920,0.8243,209,500,330
trajectory_confusion_to_insight,cell_87_messages_recog_multi_psycho,0.5417,0.7042,319,469,285
trajectory_confusion_to_insight,cell_87_messages_recog_multi_psycho,0.5751,0.7324,320,473,253
trajectory_confusion_to_insight,cell_87_messages_recog_multi_psycho,0.6129,0.7600,318,473,281
trajectory_confusion_to_insight,cell_87_messages_recog_multi_psycho,0.5383,0.7000,231,507,236
trajectory_confusion_to_insight,cell_87_messages_recog_multi_psycho,0.6923,0.8276,283,485,118
trajectory_confusion_to_insight,cell_87_messages_recog_multi_psycho,0.5774,0.7324,289,566,305
trajectory_confusion_to_insight,cell_87_messages_recog_multi_psycho,0.6227,0.7808,415,540,182
trajectory_confusion_to_insight,cell_87_messages_recog_multi_psycho,0.6537,0.7910,289,479,248
trajectory_confusion_to_insight,cell_87_messages_recog_multi_psycho,0.6579,0.7937,248,410,229
trajectory_confusion_to_insight,cell_87_messages_recog_multi_psycho,0.6657,0.8000,284,469,204
trajectory_confusion_to_insight,cell_87_messages_recog_multi_psycho,0.4650,0.6349,265,467,262
trajectory_confusion_to_insight,cell_87_messages_recog_multi_psycho,0.6770,0.8088,279,409,220
trajectory_confusion_to_insight,cell_87_messages_recog_multi_psycho,0.6626,0.7976,354,580,322
trajectory_confusion_to_insight,cell_87_messages_recog_multi_psycho,0.6302,0.7778,349,474,237
trajectory_confusion_to_insight,cell_87_messages_recog_multi_psycho,0.7275,0.8478,452,505,240
trajectory_confusion_to_insight,cell_87_messages_recog_multi_psycho,0.8081,0.8953,240,542,402
trajectory_confusion_to_insight,cell_87_messages_recog_multi_psycho,0.7284,0.8519,433,512,187
trajectory_confusion_to_insight,cell_87_messages_recog_multi_psycho,0.6849,0.8144,413,426,323
trajectory_confusion_to_insight,cell_87_messages_recog_multi_psycho,0.6985,0.8229,395,669,374
trajectory_confusion_to_insight,cell_87_messages_recog_multi_psycho,0.5392,0.7013,374,575,306
trajectory_overconfidence_to_humility,cell_81_messages_base_single_psycho,0.6937,0.8226,256,385,182
trajectory_overconfidence_to_humility,cell_81_messages_base_single_psycho,0.7610,0.8868,326,463,79
trajectory_overconfidence_to_humility,cell_81_messages_base_single_psycho,0.7755,0.8750,200,413,179
trajectory_overconfidence_to_humility,cell_81_messages_base_single_psycho,0.5566,0.7167,245,313,205
trajectory_overconfidence_to_humility,cell_81_messages_base_single_psycho,0.8235,0.9032,205,458,209
trajectory_overconfidence_to_humility,cell_81_messages_base_single_psycho,0.6999,0.8235,265,390,267
trajectory_overconfidence_to_humility,cell_81_messages_base_single_psycho,0.6588,0.7969,243,412,187
trajectory_overconfidence_to_humility,cell_81_messages_base_single_psycho,0.7911,0.8846,187,279,164
trajectory_overconfidence_to_humility,cell_81_messages_base_single_psycho,0.7712,0.8727,229,351,161
trajectory_overconfidence_to_humility,cell_81_messages_base_single_psycho,0.7118,0.8358,299,217,177
trajectory_overconfidence_to_humility,cell_81_messages_base_single_psycho,0.7124,0.8333,177,542,234
trajectory_overconfidence_to_humility,cell_81_messages_base_single_psycho,0.6430,0.7838,248,440,322
trajectory_overconfidence_to_humility,cell_81_messages_base_single_psycho,0.6627,0.8000,293,290,177
trajectory_overconfidence_to_humility,cell_81_messages_base_single_psycho,0.5650,0.7241,245,377,179
trajectory_overconfidence_to_humility,cell_81_messages_base_single_psycho,0.6667,0.8000,179,396,198
trajectory_overconfidence_to_humility,cell_81_messages_base_single_psycho,0.6422,0.7869,304,379,165
trajectory_overconfidence_to_humility,cell_81_messages_base_single_psycho,0.6619,0.7966,208,400,232
trajectory_overconfidence_to_humility,cell_81_messages_base_single_psycho,0.5095,0.6769,269,397,230
trajectory_overconfidence_to_humility,cell_81_messages_base_single_psycho,0.6947,0.8219,320,441,219
trajectory_overconfidence_to_humility,cell_81_messages_base_single_psycho,0.7165,0.8358,235,373,239
trajectory_overconfidence_to_humility,cell_81_messages_base_single_psycho,0.6462,0.7903,280,406,174
trajectory_overconfidence_to_humility,cell_81_messages_base_single_psycho,0.6832,0.8125,198,319,244
trajectory_overconfidence_to_humility,cell_83_messages_base_multi_psycho,0.7913,0.8841,250,537,217
trajectory_overconfidence_to_humility,cell_83_messages_base_multi_psycho,0.5980,0.7581,322,510,190
trajectory_overconfidence_to_humility,cell_83_messages_base_multi_psycho,0.7365,0.8485,279,450,194
trajectory_overconfidence_to_humility,cell_83_messages_base_multi_psycho,0.8628,0.9273,189,445,187
trajectory_overconfidence_to_humility,cell_83_messages_base_multi_psycho,0.8174,0.9000,176,534,128
trajectory_overconfidence_to_humility,cell_83_messages_base_multi_psycho,0.7175,0.8364,233,308,155
trajectory_overconfidence_to_humility,cell_83_messages_base_multi_psycho,0.6426,0.7875,410,362,254
trajectory_overconfidence_to_humility,cell_83_messages_base_multi_psycho,0.6284,0.7719,233,392,223
trajectory_overconfidence_to_humility,cell_83_messages_base_multi_psycho,0.5238,0.6923,276,399,224
trajectory_overconfidence_to_humility,cell_83_messages_base_multi_psycho,0.5871,0.7429,317,377,247
trajectory_overconfidence_to_humility,cell_83_messages_base_multi_psycho,0.7960,0.8871,247,384,202
trajectory_overconfidence_to_humility,cell_83_messages_base_multi_psycho,0.8382,0.9125,325,583,238
trajectory_overconfidence_to_humility,cell_83_messages_base_multi_psycho,0.5774,0.7368,254,470,176
trajectory_overconfidence_to_humility,cell_83_messages_base_multi_psycho,0.7288,0.8431,173,366,193
trajectory_overconfidence_to_humility,cell_83_messages_base_multi_psycho,0.6120,0.7627,280,478,190
trajectory_overconfidence_to_humility,cell_85_messages_recog_single_psycho,0.6496,0.8028,478,352,156
trajectory_overconfidence_to_humility,cell_85_messages_recog_single_psycho,0.5497,0.7143,345,428,208
trajectory_overconfidence_to_humility,cell_85_messages_recog_single_psycho,0.6748,0.8101,344,374,247
trajectory_overconfidence_to_humility,cell_85_messages_recog_single_psycho,0.6813,0.8367,271,320,80
trajectory_overconfidence_to_humility,cell_85_messages_recog_single_psycho,0.6290,0.7895,179,387,83
trajectory_overconfidence_to_humility,cell_85_messages_recog_single_psycho,0.6857,0.8246,291,409,125
trajectory_overconfidence_to_humility,cell_85_messages_recog_single_psycho,0.4098,0.5833,283,428,220
trajectory_overconfidence_to_humility,cell_85_messages_recog_single_psycho,0.6300,0.7808,372,542,208
trajectory_overconfidence_to_humility,cell_85_messages_recog_single_psycho,0.5518,0.7126,465,493,318
trajectory_overconfidence_to_humility,cell_85_messages_recog_single_psycho,0.5958,0.7468,368,446,307
trajectory_overconfidence_to_humility,cell_85_messages_recog_single_psycho,0.5275,0.6914,348,409,460
trajectory_overconfidence_to_humility,cell_85_messages_recog_single_psycho,0.6686,0.8095,421,451,240
trajectory_overconfidence_to_humility,cell_85_messages_recog_single_psycho,0.6800,0.8095,240,428,259
trajectory_overconfidence_to_humility,cell_85_messages_recog_single_psycho,0.7331,0.8462,262,354,203
trajectory_overconfidence_to_humility,cell_85_messages_recog_single_psycho,0.5910,0.7460,306,463,227
trajectory_overconfidence_to_humility,cell_85_messages_recog_single_psycho,0.7213,0.8382,243,444,276
trajectory_overconfidence_to_humility,cell_85_messages_recog_single_psycho,0.7102,0.8333,327,485,244
trajectory_overconfidence_to_humility,cell_85_messages_recog_single_psycho,0.6499,0.7945,410,370,184
trajectory_overconfidence_to_humility,cell_85_messages_recog_single_psycho,0.7750,0.8767,293,367,212
trajectory_overconfidence_to_humility,cell_85_messages_recog_single_psycho,0.7123,0.8333,267,518,236
trajectory_overconfidence_to_humility,cell_85_messages_recog_single_psycho,0.6151,0.7692,340,516,214
trajectory_overconfidence_to_humility,cell_85_messages_recog_single_psycho,0.6756,0.8065,297,356,210
trajectory_overconfidence_to_humility,cell_85_messages_recog_single_psycho,0.6707,0.8036,210,457,213
trajectory_overconfidence_to_humility,cell_83_messages_base_multi_psycho,0.7775,0.8833,281,427,125
trajectory_overconfidence_to_humility,cell_83_messages_base_multi_psycho,0.7948,0.8857,267,463,267
trajectory_overconfidence_to_humility,cell_83_messages_base_multi_psycho,0.5686,0.7273,262,157,201
trajectory_overconfidence_to_humility,cell_83_messages_base_multi_psycho,0.5510,0.7105,322,522,296
trajectory_overconfidence_to_humility,cell_83_messages_base_multi_psycho,0.7640,0.8772,289,422,102
trajectory_overconfidence_to_humility,cell_83_messages_base_multi_psycho,0.6658,0.8534,2995,424,218
trajectory_overconfidence_to_humility,cell_83_messages_base_multi_psycho,0.5150,0.6812,309,402,256
trajectory_overconfidence_to_humility,cell_83_messages_base_multi_psycho,0.6687,0.8143,346,372,143
trajectory_overconfidence_to_humility,cell_87_messages_recog_multi_psycho,0.6973,0.8372,526,381,202
trajectory_overconfidence_to_humility,cell_87_messages_recog_multi_psycho,0.6302,0.7778,309,519,233
trajectory_overconfidence_to_humility,cell_87_messages_recog_multi_psycho,0.6047,0.7619,293,422,184
trajectory_overconfidence_to_humility,cell_87_messages_recog_multi_psycho,0.7123,0.8421,376,418,175
trajectory_overconfidence_to_humility,cell_87_messages_recog_multi_psycho,0.4991,0.6667,237,428,177
trajectory_overconfidence_to_humility,cell_87_messages_recog_multi_psycho,0.6670,0.8113,251,517,122
trajectory_overconfidence_to_humility,cell_87_messages_recog_multi_psycho,0.7523,0.8721,491,484,181
trajectory_overconfidence_to_humility,cell_87_messages_recog_multi_psycho,0.7938,0.9107,298,385,48
trajectory_overconfidence_to_humility,cell_87_messages_recog_multi_psycho,0.7735,0.8824,48,459,156
trajectory_overconfidence_to_humility,cell_87_messages_recog_multi_psycho,0.8226,0.9118,156,499,81
trajectory_overconfidence_to_humility,cell_87_messages_recog_multi_psycho,0.7124,0.8491,256,399,99
trajectory_overconfidence_to_humility,cell_87_messages_recog_multi_psycho,0.8359,0.9275,377,478,91
trajectory_overconfidence_to_humility,cell_87_messages_recog_multi_psycho,0.7465,0.8667,230,359,107
trajectory_overconfidence_to_humility,cell_87_messages_recog_multi_psycho,0.6237,0.7692,158,387,122
trajectory_overconfidence_to_humility,cell_87_messages_recog_multi_psycho,0.6781,0.8161,467,447,217
trajectory_overconfidence_to_humility,cell_87_messages_recog_multi_psycho,0.8740,0.9692,423,471,25
trajectory_overconfidence_to_humility,cell_87_messages_recog_multi_psycho,0.8183,0.9012,612,500,208
trajectory_overconfidence_to_humility,cell_87_messages_recog_multi_psycho,0.6125,0.7609,407,484,286
trajectory_overconfidence_to_humility,cell_87_messages_recog_multi_psycho,0.6717,0.8039,225,332,180
trajectory_overconfidence_to_humility,cell_87_messages_recog_multi_psycho,0.6460,0.7879,292,543,177
trajectory_overconfidence_to_humility,cell_87_messages_recog_multi_psycho,0.6496,0.7887,329,451,255
trajectory_overconfidence_to_humility,cell_87_messages_recog_multi_psycho,0.7554,0.8611,272,400,254
mood_frustration_to_breakthrough,cell_85_messages_recog_single_psycho,0.6349,0.7778,293,439,239
mood_frustration_to_breakthrough,cell_85_messages_recog_single_psycho,0.6749,0.8108,342,434,204
mood_frustration_to_breakthrough,cell_85_messages_recog_single_psycho,0.6742,0.8077,357,453,279
mood_frustration_to_breakthrough,cell_85_messages_recog_single_psycho,0.6307,0.7857,276,593,146
mood_frustration_to_breakthrough,cell_85_messages_recog_single_psycho,0.6035,0.7538,278,421,246
mood_frustration_to_breakthrough,cell_85_messages_recog_single_psycho,0.5606,0.7200,211,368,220
mood_frustration_to_breakthrough,cell_83_messages_base_multi_psycho,0.7545,0.8657,295,513,190
mood_frustration_to_breakthrough,cell_85_messages_recog_single_psycho,0.6900,0.8333,482,396,190
mood_frustration_to_breakthrough,cell_85_messages_recog_single_psycho,0.6506,0.8217,1164,437,246
mood_frustration_to_breakthrough,cell_85_messages_recog_single_psycho,0.6655,0.8000,342,659,257
misconception_correction_flow,cell_85_messages_recog_single_psycho,0.6236,0.7703,331,464,249
misconception_correction_flow,cell_85_messages_recog_single_psycho,0.5321,0.6964,226,475,215
misconception_correction_flow,cell_85_messages_recog_single_psycho,0.7053,0.8370,476,407,257
misconception_correction_flow,cell_85_messages_recog_single_psycho,0.6667,0.8095,311,412,150
misconception_correction_flow,cell_85_messages_recog_single_psycho,0.7447,0.8667,392,450,133
misconception_correction_flow,cell_85_messages_recog_single_psycho,0.5910,0.7463,321,385,244
misconception_correction_flow,cell_85_messages_recog_single_psycho,0.7218,0.8481,395,635,183
misconception_correction_flow,cell_85_messages_recog_single_psycho,0.7196,0.8375,319,451,258
trajectory_disengagement_to_ownership,cell_81_messages_base_single_psycho,0.6035,0.7538,255,482,201
trajectory_disengagement_to_ownership,cell_81_messages_base_single_psycho,0.5850,0.7500,350,391,199
trajectory_disengagement_to_ownership,cell_81_messages_base_single_psycho,0.7131,0.8356,358,433,193
trajectory_disengagement_to_ownership,cell_81_messages_base_single_psycho,0.6619,0.7966,193,311,216
trajectory_disengagement_to_ownership,cell_81_messages_base_single_psycho,0.7456,0.8621,256,481,145
trajectory_disengagement_to_ownership,cell_81_messages_base_single_psycho,0.6153,0.7619,237,406,218
trajectory_disengagement_to_ownership,cell_81_messages_base_single_psycho,0.6802,0.8125,277,406,186
trajectory_disengagement_to_ownership,cell_81_messages_base_single_psycho,0.6275,0.7714,280,443,270
trajectory_disengagement_to_ownership,cell_81_messages_base_single_psycho,0.7100,0.8333,280,404,161
misconception_correction_flow,cell_85_messages_recog_single_psycho,0.5955,0.7470,334,441,370
misconception_correction_flow,cell_85_messages_recog_single_psycho,0.7421,0.8996,3270,461,221
misconception_correction_flow,cell_85_messages_recog_single_psycho,0.7080,0.8438,325,483,138
misconception_correction_flow,cell_85_messages_recog_single_psycho,0.7788,0.8776,138,592,231
mood_frustration_to_breakthrough,cell_83_messages_base_multi_psycho,0.7560,0.8615,250,647,201
mood_frustration_to_breakthrough,cell_83_messages_base_multi_psycho,0.6271,0.7738,414,400,282
mood_frustration_to_breakthrough,cell_83_messages_base_multi_psycho,0.6743,0.8056,282,410,264
mood_frustration_to_breakthrough,cell_83_messages_base_multi_psycho,0.6435,0.7867,341,547,211
mood_frustration_to_breakthrough,cell_83_messages_base_multi_psycho,0.6700,0.8654,3240,405,213
mood_frustration_to_breakthrough,cell_83_messages_base_multi_psycho,0.7385,0.8519,213,314,160
trajectory_disengagement_to_ownership,cell_81_messages_base_single_psycho,0.6713,0.8065,285,391,184
trajectory_disengagement_to_ownership,cell_81_messages_base_single_psycho,0.6184,0.7765,466,523,220
trajectory_disengagement_to_ownership,cell_81_messages_base_single_psycho,0.5378,0.7000,298,453,287
trajectory_disengagement_to_ownership,cell_81_messages_base_single_psycho,0.6188,0.7656,287,377,260
trajectory_disengagement_to_ownership,cell_81_messages_base_single_psycho,0.5840,0.7500,323,482,187
trajectory_disengagement_to_ownership,cell_81_messages_base_single_psycho,0.6391,0.7812,247,452,212
trajectory_disengagement_to_ownership,cell_81_messages_base_single_psycho,0.6176,0.7671,356,278,225
trajectory_disengagement_to_ownership,cell_81_messages_base_single_psycho,0.7023,0.8367,225,320,103
trajectory_disengagement_to_ownership,cell_81_messages_base_single_psycho,0.7870,0.8837,103,376,188
trajectory_disengagement_to_ownership,cell_81_messages_base_single_psycho,0.7293,0.8438,262,475,223
trajectory_disengagement_to_ownership,cell_81_messages_base_single_psycho,0.7784,0.8784,310,509,202
trajectory_disengagement_to_ownership,cell_81_messages_base_single_psycho,0.7930,0.8916,390,523,207
trajectory_disengagement_to_ownership,cell_81_messages_base_single_psycho,0.5484,0.7083,207,443,170
trajectory_disengagement_to_ownership,cell_81_messages_base_single_psycho,0.6987,0.8254,170,382,288
trajectory_disengagement_to_ownership,cell_81_messages_base_single_psycho,0.5799,0.7391,233,341,307
trajectory_disengagement_to_ownership,cell_81_messages_base_single_psycho,0.7354,0.8485,261,387,194
trajectory_disengagement_to_ownership,cell_81_messages_base_single_psycho,0.6936,0.8193,335,393,272
trajectory_disengagement_to_ownership,cell_81_messages_base_single_psycho,0.6906,0.8171,272,178,322
trajectory_disengagement_to_ownership,cell_81_messages_base_single_psycho,0.6551,0.7917,260,408,281
mutual_transformation_journey,cell_85_messages_recog_single_psycho,0.5720,0.7333,402,422,249
mutual_transformation_journey,cell_85_messages_recog_single_psycho,0.8815,0.9667,415,505,24
mutual_transformation_journey,cell_85_messages_recog_single_psycho,0.6690,0.8049,388,437,269
mutual_transformation_journey,cell_85_messages_recog_single_psycho,0.6874,0.8148,350,577,349
mutual_transformation_journey,cell_85_messages_recog_single_psycho,0.6474,0.7912,428,605,319
mutual_transformation_journey,cell_85_messages_recog_single_psycho,0.6147,0.7692,428,486,209
mutual_transformation_journey,cell_85_messages_recog_single_psycho,0.5700,0.7283,497,460,378
mutual_transformation_journey,cell_85_messages_recog_single_psycho,0.6000,0.7576,328,564,174
mutual_transformation_journey,cell_85_messages_recog_single_psycho,0.6886,0.8161,301,466,372
mutual_transformation_journey,cell_85_messages_recog_single_psycho,0.6933,0.8193,325,475,312
mutual_transformation_journey,cell_85_messages_recog_single_psycho,0.6910,0.8261,345,380,176
mutual_transformation_journey,cell_85_messages_recog_single_psycho,0.7188,0.8391,427,549,265
mutual_transformation_journey,cell_85_messages_recog_single_psycho,0.6727,0.8125,322,480,196
mutual_transformation_journey,cell_85_messages_recog_single_psycho,0.6676,0.8030,310,503,187
mutual_transformation_journey,cell_85_messages_recog_single_psycho,0.7498,0.8592,302,564,242
trajectory_confusion_to_insight,cell_85_messages_recog_single_psycho,0.7085,0.8312,337,505,224
trajectory_confusion_to_insight,cell_85_messages_recog_single_psycho,0.7286,0.8434,345,475,352
trajectory_confusion_to_insight,cell_85_messages_recog_single_psycho,0.6703,0.8026,308,472,319
trajectory_confusion_to_insight,cell_85_messages_recog_single_psycho,0.5120,0.6825,317,469,219
trajectory_confusion_to_insight,cell_85_messages_recog_single_psycho,0.6338,0.7759,243,429,227
trajectory_confusion_to_insight,cell_85_messages_recog_single_psycho,0.7195,0.8387,269,455,200
trajectory_confusion_to_insight,cell_85_messages_recog_single_psycho,0.7360,0.8608,408,443,215
trajectory_confusion_to_insight,cell_85_messages_recog_single_psycho,0.6518,0.7941,346,474,245
trajectory_confusion_to_insight,cell_85_messages_recog_single_psycho,0.6760,0.8154,319,422,177
trajectory_confusion_to_insight,cell_85_messages_recog_single_psycho,0.6893,0.8242,485,482,223
trajectory_confusion_to_insight,cell_85_messages_recog_single_psycho,0.7533,0.8649,376,454,170
trajectory_confusion_to_insight,cell_85_messages_recog_single_psycho,0.5654,0.7258,288,397,197
trajectory_confusion_to_insight,cell_85_messages_recog_single_psycho,0.5189,0.6842,228,316,198
trajectory_confusion_to_insight,cell_85_messages_recog_single_psycho,0.6521,0.7963,247,360,166
trajectory_confusion_to_insight,cell_85_messages_recog_single_psycho,0.6501,0.7931,275,430,159
trajectory_confusion_to_insight,cell_85_messages_recog_single_psycho,0.6667,0.8889,226,378,24
misconception_correction_flow,cell_83_messages_base_multi_psycho,0.7683,0.8690,285,493,301
misconception_correction_flow,cell_83_messages_base_multi_psycho,0.5845,0.7397,301,395,237
misconception_correction_flow,cell_83_messages_base_multi_psycho,0.5577,0.7188,256,516,211
misconception_correction_flow,cell_83_messages_base_multi_psycho,0.8310,0.9355,379,444,53
misconception_correction_flow,cell_83_messages_base_multi_psycho,0.6612,0.8026,340,481,221
misconception_correction_flow,cell_83_messages_base_multi_psycho,0.6858,0.8148,319,474,293
misconception_correction_flow,cell_83_messages_base_multi_psycho,0.5800,0.7344,272,542,249
trajectory_confusion_to_insight,cell_85_messages_recog_single_psycho,0.7113,0.8378,323,455,187
trajectory_confusion_to_insight,cell_85_messages_recog_single_psycho,0.6543,0.7912,312,434,392
trajectory_confusion_to_insight,cell_85_messages_recog_single_psycho,0.5476,0.7105,355,638,297
trajectory_confusion_to_insight,cell_85_messages_recog_single_psycho,0.7560,0.8630,319,685,247
trajectory_confusion_to_insight,cell_85_messages_recog_single_psycho,0.5874,0.7403,346,431,316
trajectory_confusion_to_insight,cell_85_messages_recog_single_psycho,0.5489,0.7179,414,392,240
trajectory_confusion_to_insight,cell_85_messages_recog_single_psycho,0.5656,0.7250,405,467,306
misconception_correction_flow,cell_83_messages_base_multi_psycho,0.6631,0.8036,270,426,148
misconception_correction_flow,cell_83_messages_base_multi_psycho,0.6090,0.7639,344,461,203
misconception_correction_flow,cell_83_messages_base_multi_psycho,0.5832,0.7368,203,84,202
misconception_correction_flow,cell_83_messages_base_multi_psycho,0.5421,0.7037,202,406,178
trajectory_overconfidence_to_humility,cell_85_messages_recog_single_psycho,0.6388,0.7805,403,480,309
trajectory_overconfidence_to_humility,cell_85_messages_recog_single_psycho,0.6763,0.8133,351,559,229
trajectory_overconfidence_to_humility,cell_85_messages_recog_single_psycho,0.6191,0.7692,302,593,185
trajectory_overconfidence_to_humility,cell_85_messages_recog_single_psycho,0.5821,0.7429,332,461,222
trajectory_overconfidence_to_humility,cell_85_messages_recog_single_psycho,0.6901,0.8226,330,486,172
trajectory_overconfidence_to_humility,cell_85_messages_recog_single_psycho,0.5726,0.7324,363,513,227
trajectory_disengagement_to_ownership,cell_83_messages_base_multi_psycho,0.6468,0.7857,259,440,257
trajectory_disengagement_to_ownership,cell_83_messages_base_multi_psycho,0.6311,0.7742,267,424,236
trajectory_disengagement_to_ownership,cell_83_messages_base_multi_psycho,0.6268,0.7711,340,444,287
trajectory_disengagement_to_ownership,cell_83_messages_base_multi_psycho,0.7262,0.8434,337,466,250
trajectory_disengagement_to_ownership,cell_83_messages_base_multi_psycho,0.6858,0.8148,301,211,287
trajectory_disengagement_to_ownership,cell_83_messages_base_multi_psycho,0.7295,0.8442,303,329,262
trajectory_disengagement_to_ownership,cell_83_messages_base_multi_psycho,0.7735,0.8734,323,452,253
trajectory_disengagement_to_ownership,cell_83_messages_base_multi_psycho,0.6393,0.7808,311,389,259
trajectory_disengagement_to_ownership,cell_83_messages_base_multi_psycho,0.7332,0.8493,328,375,223
trajectory_overconfidence_to_humility,cell_85_messages_recog_single_psycho,0.6323,0.7750,317,651,312
trajectory_overconfidence_to_humility,cell_85_messages_recog_single_psycho,0.6520,0.8195,1156,504,244
trajectory_overconfidence_to_humility,cell_85_messages_recog_single_psycho,0.7288,0.8438,242,574,238
trajectory_overconfidence_to_humility,cell_85_messages_recog_single_psycho,0.6072,0.7662,372,412,213
trajectory_overconfidence_to_humility,cell_85_messages_recog_single_psycho,0.6435,0.7833,213,415,215
trajectory_overconfidence_to_humility,cell_85_messages_recog_single_psycho,0.6984,0.8226,215,476,235
trajectory_overconfidence_to_humility,cell_85_messages_recog_single_psycho,0.5984,0.7500,302,426,229
trajectory_overconfidence_to_humility,cell_85_messages_recog_single_psycho,0.7746,0.8958,229,400,53
trajectory_overconfidence_to_humility,cell_85_messages_recog_single_psycho,0.6669,0.8026,357,436,231
trajectory_overconfidence_to_humility,cell_85_messages_recog_single_psycho,0.5488,0.7162,406,494,219
trajectory_overconfidence_to_humility,cell_85_messages_recog_single_psycho,0.5863,0.7467,368,496,237
trajectory_overconfidence_to_humility,cell_85_messages_recog_single_psycho,0.7183,0.8413,304,463,189
trajectory_overconfidence_to_humility,cell_85_messages_recog_single_psycho,0.7125,0.8333,189,360,206
trajectory_overconfidence_to_humility,cell_85_messages_recog_single_psycho,0.6873,0.8148,183,357,206
trajectory_disengagement_to_ownership,cell_83_messages_base_multi_psycho,0.8162,0.9028,338,399,179
trajectory_disengagement_to_ownership,cell_83_messages_base_multi_psycho,0.6270,0.7714,351,392,263
trajectory_disengagement_to_ownership,cell_83_messages_base_multi_psycho,0.7865,0.8889,330,434,164
trajectory_disengagement_to_ownership,cell_83_messages_base_multi_psycho,0.8138,0.8974,279,476,250
trajectory_disengagement_to_ownership,cell_83_messages_base_multi_psycho,0.7186,0.8364,250,250,186
trajectory_disengagement_to_ownership,cell_83_messages_base_multi_psycho,0.8018,0.8923,270,444,174
trajectory_disengagement_to_ownership,cell_83_messages_base_multi_psycho,0.7791,0.8769,253,467,207
trajectory_disengagement_to_ownership,cell_83_messages_base_multi_psycho,0.6037,0.7544,207,334,257
trajectory_disengagement_to_ownership,cell_83_messages_base_multi_psycho,0.6701,0.8025,322,446,301
trajectory_disengagement_to_ownership,cell_83_messages_base_multi_psycho,0.7397,0.8507,265,511,227
mutual_transformation_journey,cell_83_messages_base_multi_psycho,0.6931,0.8194,291,495,248
mutual_transformation_journey,cell_83_messages_base_multi_psycho,0.6039,0.7595,368,533,242
mutual_transformation_journey,cell_83_messages_base_multi_psycho,0.6212,0.7727,317,186,184
mutual_transformation_journey,cell_83_messages_base_multi_psycho,0.7908,0.8833,184,453,211
mutual_transformation_journey,cell_83_messages_base_multi_psycho,0.6857,0.8267,398,435,193
trajectory_disengagement_to_ownership,cell_85_messages_recog_single_psycho,0.7276,0.8594,347,482,120
trajectory_disengagement_to_ownership,cell_85_messages_recog_single_psycho,0.6657,0.8101,470,521,219
trajectory_disengagement_to_ownership,cell_85_messages_recog_single_psycho,0.6317,0.7778,342,456,245
trajectory_disengagement_to_ownership,cell_85_messages_recog_single_psycho,0.7064,0.8312,335,425,248
trajectory_disengagement_to_ownership,cell_85_messages_recog_single_psycho,0.7674,0.8684,308,435,300
trajectory_disengagement_to_ownership,cell_85_messages_recog_single_psycho,0.7009,0.8305,172,493,278
trajectory_disengagement_to_ownership,cell_85_messages_recog_single_psycho,0.6797,0.8267,438,585,160
trajectory_disengagement_to_ownership,cell_85_messages_recog_single_psycho,0.7327,0.8462,226,255,173
mutual_transformation_journey,cell_83_messages_base_multi_psycho,0.6191,0.7692,315,447,185
mutual_transformation_journey,cell_83_messages_base_multi_psycho,0.6389,0.8000,359,414,146
mutual_transformation_journey,cell_83_messages_base_multi_psycho,0.7391,0.8511,146,528,183
mutual_transformation_journey,cell_83_messages_base_multi_psycho,0.7566,0.8621,183,453,207
trajectory_disengagement_to_ownership,cell_83_messages_base_multi_psycho,0.6626,0.8000,324,421,220
trajectory_disengagement_to_ownership,cell_83_messages_base_multi_psycho,0.7791,0.8769,260,351,170
trajectory_disengagement_to_ownership,cell_83_messages_base_multi_psycho,0.6843,0.8194,170,498,356
trajectory_disengagement_to_ownership,cell_83_messages_base_multi_psycho,0.6782,0.8101,356,477,292
trajectory_disengagement_to_ownership,cell_83_messages_base_multi_psycho,0.4926,0.6625,381,288,332
trajectory_disengagement_to_ownership,cell_83_messages_base_multi_psycho,0.6755,0.8090,383,437,286
trajectory_disengagement_to_ownership,cell_85_messages_recog_single_psycho,0.8243,0.9130,363,452,123
trajectory_disengagement_to_ownership,cell_85_messages_recog_single_psycho,0.6736,0.8056,293,526,235
trajectory_disengagement_to_ownership,cell_85_messages_recog_single_psycho,0.5911,0.7436,361,445,331
trajectory_disengagement_to_ownership,cell_85_messages_recog_single_psycho,0.6594,0.7952,294,418,364
trajectory_disengagement_to_ownership,cell_85_messages_recog_single_psycho,0.5373,0.7143,473,635,275
trajectory_disengagement_to_ownership,cell_85_messages_recog_single_psycho,0.6755,0.8068,385,376,339
trajectory_disengagement_to_ownership,cell_85_messages_recog_single_psycho,0.5498,0.7108,374,461,332
trajectory_disengagement_to_ownership,cell_85_messages_recog_single_psycho,0.6572,0.7976,419,439,286
trajectory_disengagement_to_ownership,cell_85_messages_recog_single_psycho,0.6793,0.8182,335,461,183
trajectory_disengagement_to_ownership,cell_85_messages_recog_single_psycho,0.7010,0.8289,395,444,235
trajectory_disengagement_to_ownership,cell_85_messages_recog_single_psycho,0.7164,0.8382,305,444,203
trajectory_disengagement_to_ownership,cell_85_messages_recog_single_psycho,0.6914,0.8182,298,430,242
trajectory_disengagement_to_ownership,cell_85_messages_recog_single_psycho,0.6531,0.7903,251,460,224
trajectory_disengagement_to_ownership,cell_85_messages_recog_single_psycho,0.6713,0.8065,296,485,203
trajectory_disengagement_to_ownership,cell_85_messages_recog_single_psycho,0.6767,0.8209,332,458,153
trajectory_disengagement_to_ownership,cell_85_messages_recog_single_psycho,0.6516,0.7969,314,495,157
trajectory_disengagement_to_ownership,cell_85_messages_recog_single_psycho,0.7607,0.8689,292,479,131
trajectory_disengagement_to_ownership,cell_85_messages_recog_single_psycho,0.7165,0.8364,216,411,184
trajectory_confusion_to_insight,cell_83_messages_base_multi_psycho,0.6560,0.7937,245,554,213
trajectory_confusion_to_insight,cell_83_messages_base_multi_psycho,0.6151,0.7647,322,474,227
trajectory_confusion_to_insight,cell_83_messages_base_multi_psycho,0.6662,0.8000,222,420,212
trajectory_confusion_to_insight,cell_83_messages_base_multi_psycho,0.8209,0.9091,241,442,102
trajectory_confusion_to_insight,cell_83_messages_base_multi_psycho,0.6687,0.8026,309,440,230
trajectory_confusion_to_insight,cell_83_messages_base_multi_psycho,0.7534,0.8611,295,408,207
trajectory_confusion_to_insight,cell_83_messages_base_multi_psycho,0.6079,0.7568,274,407,259
trajectory_confusion_to_insight,cell_83_messages_base_multi_psycho,0.6204,0.7667,231,460,260
trajectory_disengagement_to_ownership,cell_85_messages_recog_single_psycho,0.7089,0.8308,270,423,213
trajectory_disengagement_to_ownership,cell_85_messages_recog_single_psycho,0.7401,0.8519,388,598,264
trajectory_disengagement_to_ownership,cell_85_messages_recog_single_psycho,0.7592,0.8710,172,371,270
trajectory_disengagement_to_ownership,cell_85_messages_recog_single_psycho,0.7467,0.8553,326,479,292
trajectory_disengagement_to_ownership,cell_85_messages_recog_single_psycho,0.6061,0.7558,423,546,288
trajectory_disengagement_to_ownership,cell_85_messages_recog_single_psycho,0.7823,0.8841,202,337,353
trajectory_disengagement_to_ownership,cell_85_messages_recog_single_psycho,0.7450,0.8539,292,427,371
trajectory_disengagement_to_ownership,cell_85_messages_recog_single_psycho,0.6323,0.7750,309,426,318
trajectory_disengagement_to_ownership,cell_85_messages_recog_single_psycho,0.6748,0.8088,318,446,215
trajectory_disengagement_to_ownership,cell_85_messages_recog_single_psycho,0.7009,0.8261,286,420,203
trajectory_confusion_to_insight,cell_83_messages_base_multi_psycho,0.7278,0.8551,331,377,158
trajectory_confusion_to_insight,cell_83_messages_base_multi_psycho,0.7726,0.8784,348,434,173
trajectory_confusion_to_insight,cell_83_messages_base_multi_psycho,0.5668,0.7237,294,524,341
trajectory_confusion_to_insight,cell_83_messages_base_multi_psycho,0.7278,0.8507,341,420,174
trajectory_confusion_to_insight,cell_83_messages_base_multi_psycho,0.7356,0.8571,174,426,318
trajectory_confusion_to_insight,cell_83_messages_base_multi_psycho,0.6361,0.7833,288,504,155
trajectory_confusion_to_insight,cell_83_messages_base_multi_psycho,0.7973,0.8873,292,392,213
trajectory_confusion_to_insight,cell_83_messages_base_multi_psycho,0.5338,0.6981,213,151,185
trajectory_disengagement_to_ownership,cell_85_messages_recog_single_psycho,0.7485,0.8644,273,590,144
trajectory_disengagement_to_ownership,cell_85_messages_recog_single_psycho,0.6260,0.7714,359,615,515
trajectory_disengagement_to_ownership,cell_85_messages_recog_single_psycho,0.7216,0.8421,457,544,308
trajectory_disengagement_to_ownership,cell_85_messages_recog_single_psycho,0.6362,0.7778,329,401,318
trajectory_disengagement_to_ownership,cell_85_messages_recog_single_psycho,0.7077,0.8289,308,399,302
trajectory_disengagement_to_ownership,cell_85_messages_recog_single_psycho,0.5587,0.7176,383,496,329
trajectory_disengagement_to_ownership,cell_85_messages_recog_single_psycho,0.7423,0.8523,344,513,385
trajectory_disengagement_to_ownership,cell_85_messages_recog_single_psycho,0.6828,0.8125,392,370,291
trajectory_disengagement_to_ownership,cell_85_messages_recog_single_psycho,0.6577,0.7945,303,411,236
trajectory_disengagement_to_ownership,cell_85_messages_recog_single_psycho,0.7210,0.8387,373,442,348
trajectory_disengagement_to_ownership,cell_85_messages_recog_single_psycho,0.7847,0.8804,426,550,302
trajectory_disengagement_to_ownership,cell_85_messages_recog_single_psycho,0.7323,0.8462,390,703,346
trajectory_disengagement_to_ownership,cell_85_messages_recog_single_psycho,0.7058,0.8276,314,395,379
trajectory_disengagement_to_ownership,cell_85_messages_recog_single_psycho,0.5360,0.7000,278,434,221
trajectory_disengagement_to_ownership,cell_85_messages_recog_single_psycho,0.6674,0.8033,248,445,193
trajectory_disengagement_to_ownership,cell_85_messages_recog_single_psycho,0.6985,0.8261,333,581,183
trajectory_disengagement_to_ownership,cell_85_messages_recog_single_psycho,0.5425,0.7049,274,427,238
trajectory_disengagement_to_ownership,cell_85_messages_recog_single_psycho,0.7783,0.8769,285,474,194
epistemic_resistance_impasse,cell_85_messages_recog_single_psycho,0.6412,0.7838,353,569,220
epistemic_resistance_impasse,cell_85_messages_recog_single_psycho,0.6396,0.7831,398,566,302
epistemic_resistance_impasse,cell_85_messages_recog_single_psycho,0.6061,0.7632,401,543,223
epistemic_resistance_impasse,cell_85_messages_recog_single_psycho,0.7331,0.8551,345,503,171
epistemic_resistance_impasse,cell_85_messages_recog_single_psycho,0.7240,0.8400,276,613,269
epistemic_resistance_impasse,cell_85_messages_recog_single_psycho,0.7610,0.8681,490,485,268
epistemic_resistance_impasse,cell_85_messages_recog_single_psycho,0.6535,0.7922,383,444,259
epistemic_resistance_impasse,cell_85_messages_recog_single_psycho,0.6962,0.8272,413,458,233
epistemic_resistance_impasse,cell_85_messages_recog_single_psycho,0.6944,0.8197,233,379,242
epistemic_resistance_impasse,cell_85_messages_recog_single_psycho,0.6045,0.7536,272,438,290
epistemic_resistance_impasse,cell_85_messages_recog_single_psycho,0.5991,0.7619,338,507,164
epistemic_resistance_impasse,cell_85_messages_recog_single_psycho,0.7254,0.8462,451,512,243
epistemic_resistance_impasse,cell_85_messages_recog_single_psycho,0.5592,0.7176,379,461,315
epistemic_resistance_impasse,cell_85_messages_recog_single_psycho,0.7155,0.8395,396,432,216
trajectory_confusion_to_insight,cell_83_messages_base_multi_psycho,0.5233,0.6875,379,472,295
trajectory_confusion_to_insight,cell_83_messages_base_multi_psycho,0.7119,0.8429,374,418,174
trajectory_confusion_to_insight,cell_83_messages_base_multi_psycho,0.6750,0.8116,339,354,242
trajectory_confusion_to_insight,cell_83_messages_base_multi_psycho,0.5286,0.7143,256,324,122
trajectory_confusion_to_insight,cell_83_messages_base_multi_psycho,0.6687,0.8030,297,450,219
trajectory_confusion_to_insight,cell_83_messages_base_multi_psycho,0.6667,0.8000,217,315,183
trajectory_confusion_to_insight,cell_83_messages_base_multi_psycho,0.5429,0.7097,292,424,189
affective_shutdown_impasse,cell_85_messages_recog_single_psycho,0.7068,0.8500,486,458,142
affective_shutdown_impasse,cell_85_messages_recog_single_psycho,0.5778,0.7416,464,486,262
affective_shutdown_impasse,cell_85_messages_recog_single_psycho,0.6447,0.7867,343,470,253
affective_shutdown_impasse,cell_85_messages_recog_single_psycho,0.8030,0.8913,384,516,336
affective_shutdown_impasse,cell_85_messages_recog_single_psycho,0.6584,0.7971,304,537,215
affective_shutdown_impasse,cell_85_messages_recog_single_psycho,0.5728,0.7286,283,413,247
affective_shutdown_impasse,cell_85_messages_recog_single_psycho,0.7443,0.8592,326,498,210
affective_shutdown_impasse,cell_85_messages_recog_single_psycho,0.6079,0.7571,329,404,283
affective_shutdown_impasse,cell_85_messages_recog_single_psycho,0.5835,0.7377,259,426,191
affective_shutdown_impasse,cell_85_messages_recog_single_psycho,0.7190,0.8378,294,508,252
affective_shutdown_impasse,cell_85_messages_recog_single_psycho,0.6282,0.7727,296,550,229
affective_shutdown_impasse,cell_85_messages_recog_single_psycho,0.6447,0.7917,319,416,198
productive_deadlock_impasse,cell_85_messages_recog_single_psycho,0.6394,0.7812,476,550,365
productive_deadlock_impasse,cell_85_messages_recog_single_psycho,0.6593,0.7949,316,478,297
productive_deadlock_impasse,cell_85_messages_recog_single_psycho,0.6229,0.7681,297,562,242
productive_deadlock_impasse,cell_85_messages_recog_single_psycho,0.6586,0.8000,375,386,246
productive_deadlock_impasse,cell_85_messages_recog_single_psycho,0.4894,0.6571,274,429,306
productive_deadlock_impasse,cell_85_messages_recog_single_psycho,0.7167,0.8375,341,471,238
productive_deadlock_impasse,cell_85_messages_recog_single_psycho,0.7203,0.8434,412,537,229
productive_deadlock_impasse,cell_85_messages_recog_single_psycho,0.7370,0.8488,332,637,322
productive_deadlock_impasse,cell_85_messages_recog_single_psycho,0.6010,0.7568,353,360,227
productive_deadlock_impasse,cell_85_messages_recog_single_psycho,0.5323,0.7042,363,594,193
productive_deadlock_impasse,cell_85_messages_recog_single_psycho,0.6180,0.7763,444,428,233
productive_deadlock_impasse,cell_85_messages_recog_single_psycho,0.6082,0.7595,406,513,290
productive_deadlock_impasse,cell_85_messages_recog_single_psycho,0.6734,0.8101,368,647,245
productive_deadlock_impasse,cell_85_messages_recog_single_psycho,0.6651,0.8000,336,562,286
trajectory_disengagement_to_ownership,cell_87_messages_recog_multi_psycho,0.6811,0.8108,293,533,271
trajectory_disengagement_to_ownership,cell_87_messages_recog_multi_psycho,0.7742,0.8727,184,422,202
trajectory_disengagement_to_ownership,cell_87_messages_recog_multi_psycho,0.7092,0.8406,365,495,155
trajectory_disengagement_to_ownership,cell_87_messages_recog_multi_psycho,0.6743,0.8056,279,497,297
trajectory_disengagement_to_ownership,cell_87_messages_recog_multi_psycho,0.5344,0.7051,423,498,262
trajectory_disengagement_to_ownership,cell_87_messages_recog_multi_psycho,0.6111,0.7600,270,376,312
trajectory_disengagement_to_ownership,cell_87_messages_recog_multi_psycho,0.6906,0.8209,322,391,224
trajectory_disengagement_to_ownership,cell_87_messages_recog_multi_psycho,0.6588,0.7969,268,555,180
trajectory_disengagement_to_ownership,cell_87_messages_recog_multi_psycho,0.6972,0.8226,180,524,276
trajectory_disengagement_to_ownership,cell_87_messages_recog_multi_psycho,0.8270,0.9054,275,660,257
trajectory_disengagement_to_ownership,cell_87_messages_recog_multi_psycho,0.5843,0.7407,391,508,287
trajectory_disengagement_to_ownership,cell_87_messages_recog_multi_psycho,0.6349,0.7778,381,467,270
trajectory_disengagement_to_ownership,cell_87_messages_recog_multi_psycho,0.8919,0.9444,170,391,274
trajectory_disengagement_to_ownership,cell_87_messages_recog_multi_psycho,0.7564,0.8615,274,472,238
trajectory_disengagement_to_ownership,cell_87_messages_recog_multi_psycho,0.6748,0.8101,352,680,232
trajectory_disengagement_to_ownership,cell_87_messages_recog_multi_psycho,0.5829,0.7391,232,413,324
trajectory_disengagement_to_ownership,cell_87_messages_recog_multi_psycho,0.6720,0.8052,329,417,273
trajectory_disengagement_to_ownership,cell_87_messages_recog_multi_psycho,0.6786,0.8095,257,553,233
trajectory_overconfidence_to_humility,cell_83_messages_base_multi_psycho,0.6226,0.7872,251,400,102
trajectory_overconfidence_to_humility,cell_83_messages_base_multi_psycho,0.6331,0.7755,191,396,162
trajectory_overconfidence_to_humility,cell_83_messages_base_multi_psycho,0.6186,0.7647,261,429,248
trajectory_overconfidence_to_humility,cell_83_messages_base_multi_psycho,0.6361,0.7791,300,442,384
trajectory_overconfidence_to_humility,cell_83_messages_base_multi_psycho,0.5784,0.7377,262,405,162
trajectory_overconfidence_to_humility,cell_83_messages_base_multi_psycho,0.5830,0.7368,276,486,326
trajectory_overconfidence_to_humility,cell_83_messages_base_multi_psycho,0.5189,0.7000,326,418,156
trajectory_overconfidence_to_humility,cell_83_messages_base_multi_psycho,0.5950,0.7470,382,658,314
trajectory_disengagement_to_ownership,cell_87_messages_recog_multi_psycho,0.6864,0.8148,354,434,272
trajectory_disengagement_to_ownership,cell_87_messages_recog_multi_psycho,0.5308,0.7130,909,466,306
trajectory_disengagement_to_ownership,cell_87_messages_recog_multi_psycho,0.7360,0.8485,241,434,194
trajectory_disengagement_to_ownership,cell_87_messages_recog_multi_psycho,0.7417,0.8533,301,493,209
trajectory_disengagement_to_ownership,cell_87_messages_recog_multi_psycho,0.5908,0.7429,261,469,304
trajectory_disengagement_to_ownership,cell_87_messages_recog_multi_psycho,0.7323,0.8485,304,524,180
trajectory_disengagement_to_ownership,cell_87_messages_recog_multi_psycho,0.5578,0.7179,301,444,392
trajectory_disengagement_to_ownership,cell_87_messages_recog_multi_psycho,0.6382,0.7805,392,403,274
trajectory_disengagement_to_ownership,cell_87_messages_recog_multi_psycho,0.5889,0.7424,307,430,259
trajectory_disengagement_to_ownership,cell_87_messages_recog_multi_psycho,0.6176,0.7636,210,397,217
trajectory_overconfidence_to_humility,cell_83_messages_base_multi_psycho,0.7554,0.8611,287,438,263
trajectory_overconfidence_to_humility,cell_83_messages_base_multi_psycho,0.6185,0.7662,306,399,297
trajectory_overconfidence_to_humility,cell_83_messages_base_multi_psycho,0.6982,0.8267,333,394,236
trajectory_overconfidence_to_humility,cell_83_messages_base_multi_psycho,0.7194,0.8525,289,405,123
trajectory_overconfidence_to_humility,cell_83_messages_base_multi_psycho,0.6363,0.7778,257,430,277
mutual_transformation_journey,cell_83_messages_base_multi_psycho,0.6511,0.7887,282,516,252
mutual_transformation_journey,cell_83_messages_base_multi_psycho,0.6858,0.8152,433,197,349
mutual_transformation_journey,cell_83_messages_base_multi_psycho,0.6122,0.7612,292,509,191
trajectory_overconfidence_to_humility,cell_83_messages_base_multi_psycho,0.7142,0.8333,243,175,210
trajectory_overconfidence_to_humility,cell_83_messages_base_multi_psycho,0.6734,0.8060,279,455,198
trajectory_overconfidence_to_humility,cell_83_messages_base_multi_psycho,0.6127,0.7606,288,438,262
trajectory_overconfidence_to_humility,cell_83_messages_base_multi_psycho,0.7360,0.8485,262,385,213
trajectory_overconfidence_to_humility,cell_83_messages_base_multi_psycho,0.6288,0.8269,310,402,61
trajectory_overconfidence_to_humility,cell_83_messages_base_multi_psycho,0.6672,0.8125,300,451,160
trajectory_overconfidence_to_humility,cell_83_messages_base_multi_psycho,0.6742,0.8070,230,387,193
trajectory_disengagement_to_ownership,cell_83_messages_base_multi_psycho,0.6684,0.8082,368,417,215
trajectory_disengagement_to_ownership,cell_83_messages_base_multi_psycho,0.6367,0.7941,403,284,178
trajectory_disengagement_to_ownership,cell_83_messages_base_multi_psycho,0.5436,0.7059,272,443,295
trajectory_disengagement_to_ownership,cell_83_messages_base_multi_psycho,0.7391,0.8750,295,356,86
trajectory_disengagement_to_ownership,cell_83_messages_base_multi_psycho,0.7522,0.8592,292,472,252
trajectory_disengagement_to_ownership,cell_83_messages_base_multi_psycho,0.7011,0.8243,303,227,273
trajectory_disengagement_to_ownership,cell_83_messages_base_multi_psycho,0.6869,0.8361,321,543,114
trajectory_disengagement_to_ownership,cell_83_messages_base_multi_psycho,0.7247,0.8421,332,428,262
trajectory_disengagement_to_ownership,cell_83_messages_base_multi_psycho,0.8352,0.9155,343,395,158
trajectory_disengagement_to_ownership,cell_83_messages_base_multi_psycho,0.7639,0.8689,284,422,195
trajectory_disengagement_to_ownership,cell_83_messages_base_multi_psycho,0.6856,0.8136,207,398,200
trajectory_disengagement_to_ownership,cell_83_messages_base_multi_psycho,0.7122,0.8333,307,375,227
trajectory_disengagement_to_ownership,cell_83_messages_base_multi_psycho,0.7560,0.8667,182,402,284
trajectory_disengagement_to_ownership,cell_83_messages_base_multi_psycho,0.6455,0.7848,311,311,275
trajectory_disengagement_to_ownership,cell_83_messages_base_multi_psycho,0.5637,0.7231,275,398,230
trajectory_disengagement_to_ownership,cell_83_messages_base_multi_psycho,0.6533,0.7903,230,446,254
trajectory_disengagement_to_ownership,cell_83_messages_base_multi_psycho,0.7197,0.8382,216,214,260
trajectory_disengagement_to_ownership,cell_83_messages_base_multi_psycho,0.6151,0.7647,284,436,243
trajectory_disengagement_to_ownership,cell_83_messages_base_multi_psycho,0.5581,0.7167,242,210,205
trajectory_disengagement_to_ownership,cell_83_messages_base_multi_psycho,0.7185,0.8375,305,298,272
trajectory_disengagement_to_ownership,cell_83_messages_base_multi_psycho,0.6985,0.8235,209,328,169
trajectory_disengagement_to_ownership,cell_83_messages_base_multi_psycho,0.6027,0.7778,352,450,134
trajectory_disengagement_to_ownership,cell_83_messages_base_multi_psycho,0.6706,0.8030,228,429,221
trajectory_disengagement_to_ownership,cell_83_messages_base_multi_psycho,0.6651,0.8000,314,432,257
trajectory_disengagement_to_ownership,cell_83_messages_base_multi_psycho,0.7215,0.8393,242,371,200
trajectory_disengagement_to_ownership,cell_83_messages_base_multi_psycho,0.6653,0.8000,328,358,265
trajectory_disengagement_to_ownership,cell_83_messages_base_multi_psycho,0.6138,0.7639,296,321,233
trajectory_disengagement_to_ownership,cell_83_messages_base_multi_psycho,0.6299,0.7826,334,329,201
epistemic_resistance_impasse,cell_83_messages_base_multi_psycho,0.7616,0.8649,309,573,282
epistemic_resistance_impasse,cell_83_messages_base_multi_psycho,0.7207,0.8406,275,420,216
epistemic_resistance_impasse,cell_83_messages_base_multi_psycho,0.6966,0.8214,347,305,312
epistemic_resistance_impasse,cell_83_messages_base_multi_psycho,0.6774,0.8077,312,440,273
epistemic_resistance_impasse,cell_83_messages_base_multi_psycho,0.6764,0.8235,346,503,140
epistemic_resistance_impasse,cell_83_messages_base_multi_psycho,0.7732,0.8750,348,429,244
epistemic_resistance_impasse,cell_83_messages_base_multi_psycho,0.7690,0.8906,358,499,106
epistemic_resistance_impasse,cell_83_messages_base_multi_psycho,0.6233,0.7683,356,515,298
epistemic_resistance_impasse,cell_83_messages_base_multi_psycho,0.6000,0.7500,298,491,301
epistemic_resistance_impasse,cell_83_messages_base_multi_psycho,0.7142,0.8333,292,405,274
epistemic_resistance_impasse,cell_83_messages_base_multi_psycho,0.7669,0.8684,252,531,293
epistemic_resistance_impasse,cell_83_messages_base_multi_psycho,0.6808,0.8133,253,617,340
epistemic_resistance_impasse,cell_83_messages_base_multi_psycho,0.6085,0.7590,369,346,289
affective_shutdown_impasse,cell_83_messages_base_multi_psycho,0.5143,0.6800,195,474,153
affective_shutdown_impasse,cell_83_messages_base_multi_psycho,0.6945,0.8381,695,479,244
affective_shutdown_impasse,cell_83_messages_base_multi_psycho,0.6985,0.8261,157,471,208
affective_shutdown_impasse,cell_83_messages_base_multi_psycho,0.7728,0.8730,255,440,190
affective_shutdown_impasse,cell_83_messages_base_multi_psycho,0.6136,0.7606,266,307,294
affective_shutdown_impasse,cell_83_messages_base_multi_psycho,0.7480,0.8594,268,421,192
affective_shutdown_impasse,cell_83_messages_base_multi_psycho,0.5522,0.7440,1065,462,350
affective_shutdown_impasse,cell_83_messages_base_multi_psycho,0.6689,0.8136,350,330,123
affective_shutdown_impasse,cell_83_messages_base_multi_psycho,0.6764,0.8108,338,523,237
affective_shutdown_impasse,cell_83_messages_base_multi_psycho,0.6419,0.7959,249,94,98
affective_shutdown_impasse,cell_83_messages_base_multi_psycho,0.6218,0.7671,284,385,291
affective_shutdown_impasse,cell_83_messages_base_multi_psycho,0.6464,0.7857,258,529,282
affective_shutdown_impasse,cell_83_messages_base_multi_psycho,0.6574,0.7937,240,390,282
affective_shutdown_impasse,cell_83_messages_base_multi_psycho,0.6054,0.7600,222,379,152
productive_deadlock_impasse,cell_83_messages_base_multi_psycho,0.7727,0.8718,303,500,280
productive_deadlock_impasse,cell_83_messages_base_multi_psycho,0.5915,0.7436,320,375,336
productive_deadlock_impasse,cell_83_messages_base_multi_psycho,0.7808,0.8772,191,431,210
productive_deadlock_impasse,cell_83_messages_base_multi_psycho,0.6398,0.7857,348,375,194
productive_deadlock_impasse,cell_83_messages_base_multi_psycho,0.6962,0.8214,353,531,303
productive_deadlock_impasse,cell_83_messages_base_multi_psycho,0.6176,0.7640,381,483,325
productive_deadlock_impasse,cell_83_messages_base_multi_psycho,0.7205,0.8387,398,490,274
productive_deadlock_impasse,cell_83_messages_base_multi_psycho,0.5482,0.7101,325,450,276
productive_deadlock_impasse,cell_83_messages_base_multi_psycho,0.7232,0.8438,323,115,178
productive_deadlock_impasse,cell_83_messages_base_multi_psycho,0.5189,0.6984,322,517,183
productive_deadlock_impasse,cell_83_messages_base_multi_psycho,0.7261,0.8421,183,451,233
productive_deadlock_impasse,cell_83_messages_base_multi_psycho,0.6379,0.7857,200,529,344
productive_deadlock_impasse,cell_83_messages_base_multi_psycho,0.6492,0.7895,505,570,350
mood_frustration_to_breakthrough,cell_8_recog_multi_psycho,0.6394,0.7838,2691,2640,2478
mood_frustration_to_breakthrough,cell_8_recog_multi_psycho,0.3509,0.5203,2591,2467,2404
mood_frustration_to_breakthrough,cell_8_recog_multi_psycho,0.3346,0.5572,616,2437,2606
mood_frustration_to_breakthrough,cell_8_recog_multi_psycho,0.5546,0.7222,637,1487,325
mood_frustration_to_breakthrough,cell_8_recog_multi_psycho,0.5674,0.7259,774,1587,608
mood_frustration_to_breakthrough,cell_8_recog_multi_psycho,0.6792,0.8226,854,1252,374
mood_frustration_to_breakthrough,cell_8_recog_multi_psycho,0.1028,0.1867,2756,2580,2598
mood_frustration_to_breakthrough,cell_8_recog_multi_psycho,0.6362,0.8077,2712,2541,526
mood_frustration_to_breakthrough,cell_8_recog_multi_psycho,0.0490,0.0934,2662,2664,2721
mood_frustration_to_breakthrough,cell_8_recog_multi_psycho,0.6136,0.7667,650,1449,408
mood_frustration_to_breakthrough,cell_8_recog_multi_psycho,0.5966,0.7523,609,1499,425
mood_frustration_to_breakthrough,cell_8_recog_multi_psycho,0.5237,0.7308,857,1986,225
mood_frustration_to_breakthrough,cell_8_recog_multi_psycho,0.5771,0.7319,724,1819,655
mood_frustration_to_breakthrough,cell_8_recog_multi_psycho,0.5841,0.7530,1309,1775,554
mood_frustration_to_breakthrough,cell_8_recog_multi_psycho,0.6150,0.7638,742,1601,536
mood_frustration_to_breakthrough,cell_8_recog_multi_psycho,0.6563,0.7948,2729,2504,2626
mood_frustration_to_breakthrough,cell_8_recog_multi_psycho,0.5053,0.6713,656,785,645
mood_frustration_to_breakthrough,cell_8_recog_multi_psycho,0.6495,0.8208,485,953,2595
mood_frustration_to_breakthrough,cell_8_recog_multi_psycho,0.4955,0.6794,1091,1127,489
mood_frustration_to_breakthrough,cell_8_recog_multi_psycho,0.5168,0.6870,942,1103,606
mood_frustration_to_breakthrough,cell_8_recog_multi_psycho,0.5617,0.7273,1255,2236,670
mood_frustration_to_breakthrough,cell_8_recog_multi_psycho,0.6449,0.8112,1193,1312,374
mood_frustration_to_breakthrough,cell_8_recog_multi_psycho,0.6301,0.7821,1125,1409,547
mood_frustration_to_breakthrough,cell_8_recog_multi_psycho,0.6152,0.7817,1049,1402,427
mood_frustration_to_breakthrough,cell_8_recog_multi_psycho,0.7012,0.8276,770,1648,574
mood_frustration_to_breakthrough,cell_8_recog_multi_psycho,0.5331,0.6984,751,1470,557
mood_frustration_to_breakthrough,cell_8_recog_multi_psycho,0.5969,0.7517,910,1517,674
mood_frustration_to_breakthrough,cell_8_recog_multi_psycho,0.5395,0.7115,1082,1748,527
mood_frustration_to_breakthrough,cell_8_recog_multi_psycho,0.6595,0.8088,896,1955,383
mood_frustration_to_breakthrough,cell_8_recog_multi_psycho,0.5651,0.7248,606,2340,432
mood_frustration_to_breakthrough,cell_8_recog_multi_psycho,0.4964,0.6639,531,761,571
mood_frustration_to_breakthrough,cell_8_recog_multi_psycho,0.5554,0.7143,637,901,570
mood_frustration_to_breakthrough,cell_8_recog_multi_psycho,0.6362,0.7778,607,2744,603
mood_frustration_to_breakthrough,cell_8_recog_multi_psycho,0.6656,0.8297,2697,2585,480
mood_frustration_to_breakthrough,cell_8_recog_multi_psycho,0.6353,0.8133,2925,2452,495
mood_frustration_to_breakthrough,cell_8_recog_multi_psycho,0.0142,0.0282,2884,710,2885
mood_frustration_to_breakthrough,cell_8_recog_multi_psycho,0.6887,0.8423,2667,963,513
mood_frustration_to_breakthrough,cell_8_recog_multi_psycho,0.6148,0.8169,2840,2596,344
mood_frustration_to_breakthrough,cell_8_recog_multi_psycho,0.6340,0.8174,2772,535,474
mood_frustration_to_breakthrough,cell_8_recog_multi_psycho,0.7152,0.8372,2745,2493,1787
mood_frustration_to_breakthrough,cell_8_recog_multi_psycho,0.5153,0.7189,2758,627,755
mood_frustration_to_breakthrough,cell_8_recog_multi_psycho,0.4833,0.6552,1658,2698,2532
mood_frustration_to_breakthrough,cell_8_recog_multi_psycho,0.0098,0.0194,2733,912,2718
mood_frustration_to_breakthrough,cell_8_recog_multi_psycho,0.6206,0.8009,2734,2522,473
mood_frustration_to_breakthrough,cell_8_recog_multi_psycho,0.2054,0.3462,2626,697,2613
mood_frustration_to_breakthrough,cell_8_recog_multi_psycho,0.6963,0.8319,695,1462,295
mood_frustration_to_breakthrough,cell_8_recog_multi_psycho,0.6370,0.7851,754,1620,450
mood_frustration_to_breakthrough,cell_8_recog_multi_psycho,0.6412,0.7905,697,1484,305
mood_frustration_to_breakthrough,cell_8_recog_multi_psycho,0.5534,0.7193,724,1623,453
mood_frustration_to_breakthrough,cell_8_recog_multi_psycho,0.5568,0.7244,902,1544,546
mood_frustration_to_breakthrough,cell_8_recog_multi_psycho,0.5626,0.7266,885,1268,528
mood_frustration_to_breakthrough,cell_8_recog_multi_psycho,0.5154,0.6981,687,1447,349
mood_frustration_to_breakthrough,cell_8_recog_multi_psycho,0.6066,0.7742,597,1329,247
mood_frustration_to_breakthrough,cell_8_recog_multi_psycho,0.6188,0.7652,537,1212,500
mood_frustration_to_breakthrough,cell_8_recog_multi_psycho,0.6689,0.8043,2705,2092,2663
mood_frustration_to_breakthrough,cell_8_recog_multi_psycho,0.5520,0.7113,420,722,389
mood_frustration_to_breakthrough,cell_8_recog_multi_psycho,0.5370,0.7350,530,2563,2603
mood_frustration_to_breakthrough,cell_8_recog_multi_psycho,0.7021,0.8471,2658,2595,510
mood_frustration_to_breakthrough,cell_8_recog_multi_psycho,0.6793,0.8414,2727,2677,410
mood_frustration_to_breakthrough,cell_8_recog_multi_psycho,0.6867,0.8348,2612,2634,547
mood_frustration_to_breakthrough,cell_8_recog_multi_psycho,0.6588,0.8251,2627,2563,464
mood_frustration_to_breakthrough,cell_8_recog_multi_psycho,0.4046,0.5794,640,2759,491
mood_frustration_to_breakthrough,cell_8_recog_multi_psycho,0.6795,0.8355,2714,740,490
mood_frustration_to_breakthrough,cell_8_recog_multi_psycho,0.5418,0.7100,2752,2638,1688
mood_frustration_to_breakthrough,cell_8_recog_multi_psycho,0.6744,0.8356,2719,2627,395
trajectory_confusion_to_insight,cell_66_recog_dialectical_profile_prosthesis_descriptive,0.5029,0.6813,592,31,358
trajectory_confusion_to_insight,cell_66_recog_dialectical_profile_prosthesis_descriptive,0.2833,0.4419,502,166,470
mood_frustration_to_breakthrough,cell_8_recog_multi_psycho,0.6667,0.8182,514,426,178
trajectory_disengagement_to_ownership,cell_66_recog_dialectical_profile_prosthesis_descriptive,0.6020,0.7536,311,237,233
trajectory_disengagement_to_ownership,cell_66_recog_dialectical_profile_prosthesis_descriptive,0.4492,0.6265,490,113,318
misconception_correction_flow,cell_8_recog_multi_psycho,0.7222,0.8493,400,747,201
epistemic_resistance_impasse,cell_66_recog_dialectical_profile_prosthesis_descriptive,0.4639,0.6410,455,788,318
mutual_transformation_journey,cell_2_base_single_psycho,0.6908,0.8219,326,696,214
trajectory_confusion_to_insight,cell_2_base_single_psycho,0.5384,0.7273,307,842,121
trajectory_confusion_to_insight,cell_2_base_single_psycho,0.6104,0.8047,313,733,1849
trajectory_confusion_to_insight,cell_4_base_multi_psycho,0.3595,0.5333,318,533,254
trajectory_confusion_to_insight,cell_4_base_multi_psycho,0.3329,0.5000,262,802,254
mood_frustration_to_breakthrough,cell_66_recog_dialectical_profile_prosthesis_descriptive,0.5500,0.7126,448,774,347
mood_frustration_to_breakthrough,cell_66_recog_dialectical_profile_prosthesis_descriptive,0.5813,0.7404,545,181,447
misconception_correction_flow,cell_66_recog_dialectical_profile_prosthesis_descriptive,0.5663,0.7245,412,612,484
trajectory_overconfidence_to_humility,cell_2_base_single_psycho,0.6953,0.8243,362,757,211
trajectory_overconfidence_to_humility,cell_2_base_single_psycho,0.7127,0.8434,507,771,206
trajectory_confusion_to_insight,cell_66_recog_dialectical_profile_prosthesis_descriptive,0.4702,0.7157,429,626,3003
trajectory_confusion_to_insight,cell_66_recog_dialectical_profile_prosthesis_descriptive,0.4188,0.5926,381,627,496
trajectory_overconfidence_to_humility,cell_66_recog_dialectical_profile_prosthesis_descriptive,0.6193,0.7654,416,779,311
trajectory_overconfidence_to_humility,cell_66_recog_dialectical_profile_prosthesis_descriptive,0.4999,0.6667,494,664,420
trajectory_overconfidence_to_humility,cell_66_recog_dialectical_profile_prosthesis_descriptive,0.6044,0.8105,308,672,2679
trajectory_disengagement_to_ownership,cell_66_recog_dialectical_profile_prosthesis_descriptive,0.6242,0.7778,444,703,221
trajectory_disengagement_to_ownership,cell_66_recog_dialectical_profile_prosthesis_descriptive,0.5779,0.7347,522,1096,376
trajectory_disengagement_to_ownership,cell_66_recog_dialectical_profile_prosthesis_descriptive,0.6060,0.7547,445,803,490
trajectory_disengagement_to_ownership,cell_66_recog_dialectical_profile_prosthesis_descriptive,0.5664,0.7397,374,622,185
epistemic_resistance_impasse,cell_66_recog_dialectical_profile_prosthesis_descriptive,0.6738,0.8246,132,743,282
epistemic_resistance_impasse,cell_66_recog_dialectical_profile_prosthesis_descriptive,0.5389,0.7073,484,698,311
epistemic_resistance_impasse,cell_66_recog_dialectical_profile_prosthesis_descriptive,0.7525,0.8608,375,593,245
affective_shutdown_impasse,cell_66_recog_dialectical_profile_prosthesis_descriptive,0.4453,0.6923,421,771,2606
affective_shutdown_impasse,cell_66_recog_dialectical_profile_prosthesis_descriptive,0.6882,0.8906,450,704,29
productive_deadlock_impasse,cell_66_recog_dialectical_profile_prosthesis_descriptive,0.4697,0.6400,386,149,323
mood_frustration_to_breakthrough,cell_66_recog_dialectical_profile_prosthesis_descriptive,0.4657,0.6395,462,684,320
mood_frustration_to_breakthrough,cell_66_recog_dialectical_profile_prosthesis_descriptive,0.5496,0.7403,435,1210,2671
misconception_correction_flow,cell_66_recog_dialectical_profile_prosthesis_descriptive,0.6033,0.7590,447,60,244
mutual_transformation_journey,cell_66_recog_dialectical_profile_prosthesis_descriptive,0.6351,0.7812,489,222,312
trajectory_confusion_to_insight,cell_66_recog_dialectical_profile_prosthesis_descriptive,0.5556,0.7188,547,573,368
mood_frustration_to_breakthrough,cell_83_messages_base_multi_psycho,0.7150,0.8354,356,624,266
mood_frustration_to_breakthrough,cell_83_messages_base_multi_psycho,0.5537,0.7143,374,707,305
misconception_correction_flow,cell_83_messages_base_multi_psycho,0.6497,0.7882,359,565,325
mutual_transformation_journey,cell_83_messages_base_multi_psycho,0.6237,0.7692,363,951,283
trajectory_confusion_to_insight,cell_83_messages_base_multi_psycho,0.6100,0.7606,372,255,261
trajectory_confusion_to_insight,cell_83_messages_base_multi_psycho,0.5709,0.7273,252,621,309
trajectory_confusion_to_insight,cell_83_messages_base_multi_psycho,0.8335,0.9503,105,518,1957
trajectory_confusion_to_insight,cell_83_messages_base_multi_psycho,0.7058,0.8302,237,407,172
trajectory_confusion_to_insight,cell_83_messages_base_multi_psycho,0.5292,0.6986,373,733,298
trajectory_confusion_to_insight,cell_83_messages_base_multi_psycho,0.5670,0.7237,325,684,298
trajectory_overconfidence_to_humility,cell_83_messages_base_multi_psycho,0.6635,0.8000,411,776,287
trajectory_overconfidence_to_humility,cell_83_messages_base_multi_psycho,0.7017,0.8269,160,722,228
trajectory_overconfidence_to_humility,cell_83_messages_base_multi_psycho,0.6710,0.8148,489,262,197
trajectory_disengagement_to_ownership,cell_83_messages_base_multi_psycho,0.7407,0.8511,415,557,353
affective_shutdown_impasse,cell_83_messages_base_multi_psycho,0.7140,0.8349,566,714,373
